{"stats":{"minecraft:killed":{"minecraft:spider":1,"minecraft:skeleton":2,"minecraft:chicken":6,"minecraft:parrot":1,"minecraft:pig":2,"minecraft:salmon":4,"minecraft:sheep":8,"minecraft:donkey":1,"minecraft:zombie":2,"minecraft:villager":2,"minecraft:cow":5},"minecraft:mined":{"minecraft:white_bed":10,"minecraft:mossy_cobblestone":30,"minecraft:dark_oak_leaves":1,"minecraft:oak_door":2,"minecraft:cobblestone_stairs":3,"minecraft:dark_oak_log":4,"minecraft:granite":2,"minecraft:acacia_log":1,"minecraft:grass_block":748,"minecraft:jungle_log":13,"minecraft:spruce_leaves":30,"minecraft:crimson_fungus":2,"minecraft:carrots":9,"minecraft:iron_ore":28,"minecraft:andesite":3,"minecraft:pumpkin":19,"minecraft:peony":17,"minecraft:dirt_path":45,"minecraft:cobblestone_slab":84,"minecraft:vine":3,"minecraft:bamboo":2,"minecraft:stone":688,"minecraft:white_wool":6,"minecraft:glass_pane":1,"minecraft:lily_of_the_valley":5,"minecraft:crimson_nylium":2,"minecraft:dandelion":8,"minecraft:oak_fence":73,"minecraft:crafting_table":10,"minecraft:cornflower":1,"minecraft:torch":8,"minecraft:melon":2,"minecraft:chest":2,"minecraft:rose_bush":4,"minecraft:mushroom_stem":6,"minecraft:tall_grass":7,"minecraft:cobblestone":32,"minecraft:oak_planks":24,"minecraft:sugar_cane":14,"minecraft:birch_sapling":1,"minecraft:birch_planks":5,"minecraft:cobblestone_wall":3,"minecraft:birch_log":111,"minecraft:yellow_wool":6,"minecraft:wheat":15,"minecraft:spruce_log":43,"minecraft:birch_leaves":42,"minecraft:bee_nest":1,"minecraft:yellow_bed":6,"minecraft:grass":162,"minecraft:oak_log":147,"minecraft:coal_ore":66,"minecraft:cocoa":5,"minecraft:beetroots":3,"minecraft:oak_fence_gate":13,"minecraft:gravel":4,"minecraft:sand":122,"minecraft:dirt":583,"minecraft:cobweb":3,"minecraft:stonecutter":3,"minecraft:red_mushroom_block":24,"minecraft:netherrack":4,"minecraft:oak_leaves":144,"minecraft:birch_fence":7,"minecraft:deepslate":62,"minecraft:fern":2},"minecraft:broken":{"minecraft:wooden_shovel":2,"minecraft:wooden_pickaxe":5,"minecraft:stone_pickaxe":4,"minecraft:wooden_sword":1,"minecraft:stone_axe":1,"minecraft:wooden_axe":2,"minecraft:stone_shovel":5},"minecraft:dropped":{"minecraft:bread":53,"minecraft:porkchop":1,"minecraft:wheat_seeds":15,"minecraft:crafting_table":1,"minecraft:feather":2,"minecraft:leather":1,"minecraft:red_mushroom":6,"minecraft:dirt":21,"minecraft:torch":1,"minecraft:cornflower":1,"minecraft:wooden_axe":1,"minecraft:rose_bush":4,"minecraft:wooden_sword":2,"minecraft:iron_pickaxe":1,"minecraft:birch_log":5,"minecraft:white_wool":1,"minecraft:spruce_sapling":3,"minecraft:stone_axe":2,"minecraft:stone_sword":5,"minecraft:carrot":2,"minecraft:poppy":3,"minecraft:gunpowder":1,"minecraft:yellow_bed":1,"minecraft:beetroot_seeds":4,"minecraft:wooden_shovel":1,"minecraft:oak_sapling":9,"minecraft:spruce_log":5,"minecraft:arrow":1,"minecraft:scaffolding":1,"minecraft:egg":1},"minecraft:used":{"minecraft:beetroot":4,"minecraft:oak_fence":116,"minecraft:stone_sword":96,"minecraft:stone_shovel":814,"minecraft:chest":6,"minecraft:iron_sword":4,"minecraft:wooden_shovel":202,"minecraft:rotten_flesh":1,"minecraft:oak_door":6,"minecraft:torch":86,"minecraft:mutton":3,"minecraft:dirt":1064,"minecraft:cobblestone_wall":147,"minecraft:carrot":25,"minecraft:oak_fence_gate":14,"minecraft:glass":61,"minecraft:wooden_axe":145,"minecraft:birch_sapling":2,"minecraft:beef":6,"minecraft:furnace":1,"minecraft:oak_sapling":2,"minecraft:egg":8,"minecraft:cooked_beef":1,"minecraft:potato":27,"minecraft:cobbled_deepslate":4,"minecraft:pumpkin":1,"minecraft:wheat_seeds":32,"minecraft:cooked_mutton":3,"minecraft:water_bucket":1,"minecraft:cobblestone_stairs":12,"minecraft:birch_planks":29,"minecraft:stone_pickaxe":683,"minecraft:oak_planks":225,"minecraft:composter":1,"minecraft:birch_boat":3,"minecraft:wooden_pickaxe":334,"minecraft:stonecutter":3,"minecraft:cobblestone_slab":197,"minecraft:mossy_cobblestone":19,"minecraft:sand":40,"minecraft:oak_slab":2,"minecraft:crafting_table":10,"minecraft:white_bed":9,"minecraft:birch_fence":10,"minecraft:oak_log":2,"minecraft:bread":23,"minecraft:chicken":6,"minecraft:melon_slice":7,"minecraft:iron_pickaxe":81,"minecraft:stone_axe":321,"minecraft:wooden_sword":75,"minecraft:cobblestone":121,"minecraft:porkchop":5,"minecraft:bucket":3,"minecraft:yellow_bed":7,"minecraft:dandelion":1},"minecraft:crafted":{"minecraft:wooden_sword":4,"minecraft:oak_door":3,"minecraft:oak_planks":420,"minecraft:cobblestone_slab":122,"minecraft:stone_shovel":7,"minecraft:birch_boat":1,"minecraft:furnace":1,"minecraft:cobblestone_stairs":9,"minecraft:yellow_bed":2,"minecraft:cooked_mutton":3,"minecraft:glass":16,"minecraft:iron_boots":2,"minecraft:iron_axe":1,"minecraft:iron_hoe":1,"minecraft:stone_pickaxe":9,"minecraft:cobblestone_wall":146,"minecraft:chest":4,"minecraft:spruce_boat":1,"minecraft:oak_fence":45,"minecraft:golden_sword":1,"minecraft:oak_slab":6,"minecraft:wooden_shovel":4,"minecraft:crafting_table":4,"minecraft:spruce_planks":148,"minecraft:iron_helmet":1,"minecraft:wooden_pickaxe":6,"minecraft:iron_sword":1,"minecraft:bucket":2,"minecraft:birch_planks":364,"minecraft:stone_axe":5,"minecraft:bread":2,"minecraft:oak_fence_gate":2,"minecraft:iron_chestplate":2,"minecraft:wooden_hoe":1,"minecraft:birch_fence":6,"minecraft:stick":228,"minecraft:iron_pickaxe":4,"minecraft:wooden_axe":4,"minecraft:stone_sword":2,"minecraft:iron_leggings":2,"minecraft:white_bed":2,"minecraft:torch":148},"minecraft:picked_up":{"minecraft:wooden_axe":2,"minecraft:cocoa_beans":11,"minecraft:crafting_table":14,"minecraft:wheat":13,"minecraft:chicken":6,"minecraft:yellow_wool":6,"minecraft:lead":2,"minecraft:wooden_pickaxe":1,"minecraft:cornflower":3,"minecraft:string":1,"minecraft:raw_copper":1,"minecraft:wooden_sword":1,"minecraft:birch_fence":7,"minecraft:beetroot":32,"minecraft:cobbled_deepslate":49,"minecraft:bucket":2,"minecraft:beef":15,"minecraft:rose_bush":4,"minecraft:cobblestone_slab":89,"minecraft:wooden_shovel":2,"minecraft:poppy":5,"minecraft:melon_slice":7,"minecraft:sugar_cane":23,"minecraft:chest":2,"minecraft:birch_sapling":8,"minecraft:egg":9,"minecraft:dark_oak_sapling":1,"minecraft:raw_iron":27,"minecraft:stick":75,"minecraft:oak_door":4,"minecraft:composter":1,"minecraft:oak_fence":87,"minecraft:torch":82,"minecraft:acacia_log":1,"minecraft:porkchop":6,"minecraft:carrot":27,"minecraft:stone_shovel":2,"minecraft:arrow":11,"minecraft:rotten_flesh":8,"minecraft:stone_sword":7,"minecraft:beetroot_seeds":42,"minecraft:peony":16,"minecraft:mutton":10,"minecraft:white_wool":16,"minecraft:cobblestone":650,"minecraft:oxeye_daisy":2,"minecraft:birch_log":106,"minecraft:feather":7,"minecraft:cooked_beef":1,"minecraft:salmon":4,"minecraft:jungle_log":13,"minecraft:andesite":3,"minecraft:leather":7,"minecraft:red_mushroom":6,"minecraft:birch_planks":160,"minecraft:crimson_fungus":2,"minecraft:tuff":2,"minecraft:oak_log":147,"minecraft:gunpowder":7,"minecraft:yellow_bed":6,"minecraft:cobblestone_wall":2,"minecraft:cobblestone_stairs":3,"minecraft:dirt":1190,"minecraft:bone":7,"minecraft:glass":59,"minecraft:stonecutter":3,"minecraft:wheat_seeds":55,"minecraft:stone_pickaxe":1,"minecraft:oak_fence_gate":16,"minecraft:bamboo":8,"minecraft:oak_planks":77,"minecraft:oak_slab":3,"minecraft:scaffolding":1,"minecraft:birch_boat":6,"minecraft:pumpkin":17,"minecraft:dandelion":15,"minecraft:gravel":2,"minecraft:sand":169,"minecraft:spruce_sapling":3,"minecraft:white_bed":8,"minecraft:spruce_log":42,"minecraft:lily_of_the_valley":5,"minecraft:dark_oak_log":4,"minecraft:mossy_cobblestone":39,"minecraft:stone_axe":4,"minecraft:granite":2,"minecraft:bread":13,"minecraft:oak_sapling":25,"minecraft:netherrack":5,"minecraft:coal":76},"minecraft:killed_by":{"minecraft:player":1,"minecraft:wolf":1,"minecraft:zombified_piglin":1,"minecraft:iron_golem":3,"minecraft:piglin":1,"minecraft:witch":5,"minecraft:zombie":4},"minecraft:custom":{"minecraft:mob_kills":34,"minecraft:animals_bred":7,"minecraft:interact_with_crafting_table":64,"minecraft:bell_ring":7,"minecraft:leave_game":24,"minecraft:time_since_death":12853,"minecraft:climb_one_cm":9868,"minecraft:sprint_one_cm":1267000,"minecraft:walk_one_cm":2460324,"minecraft:drop":136,"minecraft:talked_to_villager":32,"minecraft:play_time":740586,"minecraft:deaths":19,"minecraft:sneak_time":43058,"minecraft:walk_under_water_one_cm":18453,"minecraft:boat_one_cm":190518,"minecraft:jump":3940,"minecraft:interact_with_blast_furnace":1,"minecraft:walk_on_water_one_cm":137633,"minecraft:total_world_time":740586,"minecraft:interact_with_furnace":20,"minecraft:interact_with_stonecutter":22,"minecraft:sleep_in_bed":26,"minecraft:time_since_rest":12960,"minecraft:damage_taken":6541,"minecraft:damage_dealt":6069,"minecraft:swim_one_cm":29376,"minecraft:player_kills":1,"minecraft:fly_one_cm":99474,"minecraft:open_chest":118,"minecraft:crouch_one_cm":49479,"minecraft:fall_one_cm":58568}},"DataVersion":3120}