{"stats":{"minecraft:killed_by":{"minecraft:creeper":3,"minecraft:iron_golem":3,"minecraft:skeleton":2,"minecraft:witch":1,"minecraft:zombie":2},"minecraft:mined":{"minecraft:deepslate_tiles":113,"minecraft:large_amethyst_bud":1,"minecraft:crying_obsidian":2,"minecraft:tuff":1329,"minecraft:mossy_cobblestone":6,"minecraft:deepslate_diamond_ore":21,"minecraft:obsidian":24,"minecraft:granite":1,"minecraft:grass_block":125,"minecraft:birch_slab":2,"minecraft:spawner":1,"minecraft:redstone_ore":9,"minecraft:fire":10,"minecraft:iron_ore":46,"minecraft:cobbled_deepslate":28,"minecraft:andesite":181,"minecraft:chiseled_deepslate":1,"minecraft:deepslate_lapis_ore":12,"minecraft:dirt_path":42,"minecraft:deepslate_iron_ore":34,"minecraft:rail":8,"minecraft:oak_stairs":2,"minecraft:stone":1739,"minecraft:deepslate_redstone_ore":58,"minecraft:oak_slab":38,"minecraft:scaffolding":12,"minecraft:oak_fence":10,"minecraft:crafting_table":7,"minecraft:torch":33,"minecraft:calcite":1,"minecraft:chest":4,"minecraft:campfire":2,"minecraft:copper_ore":64,"minecraft:cobblestone":47,"minecraft:deepslate_gold_ore":19,"minecraft:lapis_ore":4,"minecraft:oak_planks":44,"minecraft:diorite":262,"minecraft:wall_torch":36,"minecraft:amethyst_block":1,"minecraft:birch_log":41,"minecraft:redstone_torch":2,"minecraft:stone_brick_stairs":4,"minecraft:grass":10,"minecraft:oak_log":299,"minecraft:coal_ore":154,"minecraft:gravel":314,"minecraft:sand":32,"minecraft:dirt":258,"minecraft:stone_bricks":3,"minecraft:oak_leaves":97,"minecraft:deepslate":14574},"minecraft:broken":{"minecraft:wooden_pickaxe":4,"minecraft:stone_pickaxe":75,"minecraft:stone_axe":2,"minecraft:iron_pickaxe":31,"minecraft:wooden_axe":1,"minecraft:stone_shovel":1},"minecraft:dropped":{"minecraft:bread":10,"minecraft:iron_sword":1,"minecraft:wheat_seeds":10,"minecraft:mossy_cobblestone":6,"minecraft:oak_fence":10,"minecraft:cobblestone":679,"minecraft:granite":1,"minecraft:rail":6,"minecraft:dirt":84,"minecraft:diorite":130,"minecraft:sand":2,"minecraft:bone":3,"minecraft:gravel":387,"minecraft:stone_sword":1,"minecraft:cobbled_deepslate":2384,"minecraft:deepslate":1,"minecraft:tuff":767,"minecraft:rotten_flesh":26,"minecraft:chiseled_deepslate":1,"minecraft:andesite":1,"minecraft:arrow":4},"minecraft:picked_up":{"minecraft:wooden_axe":2,"minecraft:chiseled_deepslate":2,"minecraft:charcoal":4,"minecraft:crafting_table":11,"minecraft:iron_chestplate":5,"minecraft:ladder":30,"minecraft:wooden_pickaxe":3,"minecraft:oak_stairs":64,"minecraft:stone_brick_stairs":4,"minecraft:amethyst_block":1,"minecraft:polished_deepslate":1,"minecraft:string":3,"minecraft:raw_copper":295,"minecraft:iron_axe":3,"minecraft:flint_and_steel":2,"minecraft:iron_leggings":4,"minecraft:deepslate_tiles":84,"minecraft:cobbled_deepslate":6926,"minecraft:oak_boat":5,"minecraft:redstone_torch":2,"minecraft:calcite":1,"minecraft:poppy":3,"minecraft:iron_pickaxe":5,"minecraft:coal_block":2,"minecraft:chest":4,"minecraft:birch_sapling":3,"minecraft:iron_boots":4,"minecraft:egg":3,"minecraft:stick":560,"minecraft:raw_iron":38,"minecraft:oak_fence":1,"minecraft:torch":171,"minecraft:diorite":590,"minecraft:redstone":66,"minecraft:stone_sword":1,"minecraft:arrow":5,"minecraft:rotten_flesh":57,"minecraft:stone_shovel":1,"minecraft:obsidian":4,"minecraft:rail":8,"minecraft:cobblestone":2794,"minecraft:birch_log":41,"minecraft:birch_slab":3,"minecraft:andesite":295,"minecraft:flint":13,"minecraft:tuff":587,"minecraft:oak_log":176,"minecraft:gunpowder":133,"minecraft:lapis_lazuli":62,"minecraft:dirt":334,"minecraft:bone":5,"minecraft:apple":13,"minecraft:stone_bricks":3,"minecraft:wheat_seeds":9,"minecraft:iron_ingot":174,"minecraft:stone_pickaxe":35,"minecraft:oak_planks":523,"minecraft:iron_sword":7,"minecraft:scaffolding":27,"minecraft:oak_slab":203,"minecraft:dandelion":1,"minecraft:gravel":231,"minecraft:lava_bucket":1,"minecraft:sand":26,"minecraft:crying_obsidian":2,"minecraft:spider_eye":1,"minecraft:mossy_cobblestone":6,"minecraft:pumpkin_seeds":4,"minecraft:diamond":12,"minecraft:deepslate":2,"minecraft:stone_axe":3,"minecraft:iron_helmet":3,"minecraft:granite":2,"minecraft:bread":24,"minecraft:oak_sapling":99,"minecraft:melon_seeds":6,"minecraft:coal":74},"minecraft:killed":{"minecraft:spider":1,"minecraft:skeleton":4,"minecraft:iron_golem":2,"minecraft:bat":1,"minecraft:zombie":9,"minecraft:player":1},"minecraft:custom":{"minecraft:mob_kills":18,"minecraft:inspect_hopper":2,"minecraft:interact_with_crafting_table":145,"minecraft:bell_ring":1,"minecraft:leave_game":26,"minecraft:time_since_death":379585,"minecraft:climb_one_cm":303424,"minecraft:sprint_one_cm":513468,"minecraft:walk_one_cm":2886190,"minecraft:drop":218,"minecraft:play_time":936527,"minecraft:sneak_time":7100,"minecraft:deaths":23,"minecraft:walk_under_water_one_cm":82423,"minecraft:boat_one_cm":91751,"minecraft:jump":5664,"minecraft:walk_on_water_one_cm":122351,"minecraft:total_world_time":936527,"minecraft:interact_with_furnace":25,"minecraft:interact_with_stonecutter":13,"minecraft:sleep_in_bed":7,"minecraft:time_since_rest":379641,"minecraft:damage_taken":9750,"minecraft:damage_dealt":5302,"minecraft:player_kills":1,"minecraft:fly_one_cm":95316,"minecraft:swim_one_cm":50063,"minecraft:open_chest":324,"minecraft:crouch_one_cm":11103,"minecraft:fall_one_cm":136444},"minecraft:crafted":{"minecraft:wooden_sword":1,"minecraft:oak_planks":972,"minecraft:stone_shovel":1,"minecraft:birch_wood":30,"minecraft:birch_slab":108,"minecraft:flint_and_steel":1,"minecraft:iron_boots":3,"minecraft:polished_deepslate":2244,"minecraft:iron_axe":1,"minecraft:stone_pickaxe":99,"minecraft:chest":3,"minecraft:oak_slab":612,"minecraft:deepslate":1,"minecraft:crafting_table":3,"minecraft:wooden_pickaxe":9,"minecraft:iron_helmet":3,"minecraft:iron_sword":3,"minecraft:copper_ingot":64,"minecraft:bucket":1,"minecraft:oak_wood":6,"minecraft:birch_planks":62,"minecraft:campfire":2,"minecraft:deepslate_tiles":2244,"minecraft:stone_axe":2,"minecraft:air":0,"mcwwindows:oak_log_parapet":4,"minecraft:oak_boat":1,"minecraft:iron_chestplate":3,"minecraft:diamond_pickaxe":2,"minecraft:chiseled_deepslate":1,"minecraft:stick":452,"minecraft:wooden_axe":1,"minecraft:iron_ingot":26,"minecraft:iron_pickaxe":10,"minecraft:oak_stairs":4,"minecraft:stone_sword":1,"minecraft:iron_leggings":2,"minecraft:redstone_torch":1,"minecraft:torch":290,"minecraft:deepslate_bricks":2240},"minecraft:used":{"minecraft:oak_fence":1,"minecraft:stone_sword":48,"minecraft:chiseled_deepslate":1,"minecraft:polished_deepslate":5,"minecraft:flint_and_steel":15,"minecraft:stone_shovel":132,"minecraft:chest":7,"minecraft:iron_sword":172,"minecraft:torch":329,"minecraft:dirt":253,"minecraft:tuff":113,"minecraft:granite":1,"minecraft:obsidian":22,"minecraft:wooden_axe":28,"minecraft:lava_bucket":4,"minecraft:oak_stairs":6,"minecraft:iron_axe":153,"minecraft:birch_sapling":3,"minecraft:stone_brick_stairs":3,"minecraft:stone_bricks":2,"minecraft:scaffolding":21,"minecraft:oak_sapling":102,"minecraft:egg":3,"minecraft:cobbled_deepslate":538,"minecraft:water_bucket":5,"minecraft:diorite":117,"minecraft:stone_pickaxe":10082,"minecraft:oak_planks":136,"minecraft:wooden_pickaxe":273,"minecraft:sand":7,"minecraft:crafting_table":9,"minecraft:oak_slab":532,"minecraft:campfire":2,"minecraft:redstone_torch":2,"minecraft:deepslate_tiles":2429,"minecraft:diamond_pickaxe":1096,"minecraft:apple":24,"minecraft:crying_obsidian":2,"minecraft:birch_slab":10,"minecraft:bread":30,"minecraft:iron_pickaxe":7661,"minecraft:gravel":7,"minecraft:stone_axe":268,"minecraft:wooden_sword":30,"minecraft:cobblestone":51,"minecraft:bucket":10,"minecraft:andesite":17,"minecraft:oak_boat":4,"minecraft:dandelion":2}},"DataVersion":3120}