{"stats":{"minecraft:dropped":{"minecraft:porkchop":3,"minecraft:crafting_table":1,"minecraft:leather":2,"minecraft:flint":2,"minecraft:dirt":85,"minecraft:stone_button":1,"minecraft:cornflower":1,"minecraft:cracked_deepslate_tiles":42,"minecraft:wooden_sword":1,"minecraft:gold_nugget":2,"minecraft:iron_pickaxe":5,"minecraft:bone":4,"minecraft:gravel":140,"minecraft:sugar_cane":1,"mcwbridges:deepslate_tile_bridge":1,"minecraft:cobbled_deepslate":19590,"minecraft:wheat":1,"minecraft:beetroot":16,"minecraft:rotten_flesh":7,"minecraft:oak_planks":11,"minecraft:poppy":76,"minecraft:deepslate_tiles":1588,"minecraft:beetroot_seeds":42,"minecraft:ladder":10,"minecraft:chest":1,"minecraft:glass":49,"minecraft:arrow":3,"minecraft:beef":2,"minecraft:scaffolding":6,"minecraft:bread":178,"minecraft:egg":1,"minecraft:iron_ingot":15,"minecraft:oak_slab":70,"minecraft:wheat_seeds":8,"minecraft:lead":1,"minecraft:cobblestone":834,"minecraft:apple":7,"minecraft:granite":3,"minecraft:deepslate_tile_slab":333,"minecraft:stick":15,"minecraft:lava_bucket":2,"minecraft:diorite":136,"minecraft:torch":1,"minecraft:wooden_axe":3,"minecraft:iron_leggings":1,"minecraft:string":4,"minecraft:bucket":2,"minecraft:dandelion":1,"minecraft:polished_deepslate":1,"minecraft:oak_trapdoor":1,"minecraft:stone_sword":2,"minecraft:composter":2,"minecraft:deepslate":9,"minecraft:stone_shovel":1,"minecraft:tuff":2029,"minecraft:raw_iron":1,"minecraft:diamond_pickaxe":1,"minecraft:andesite":260,"minecraft:oak_sapling":25,"minecraft:stone_pickaxe":9,"minecraft:wooden_pickaxe":1,"minecraft:raw_gold":1},"minecraft:crafted":{"minecraft:oak_planks":4684,"minecraft:oak_sign":12,"minecraft:pink_bed":1,"minecraft:oak_pressure_plate":1,"minecraft:birch_slab":63,"minecraft:pink_carpet":3,"minecraft:lever":2,"mcwbridges:pliers":2,"minecraft:glass":652,"minecraft:hopper":20,"minecraft:repeater":2,"minecraft:iron_boots":2,"minecraft:raw_copper":45,"minecraft:chest":78,"minecraft:oak_button":1,"mcwroofs:deepslate_attic_roof":1,"minecraft:copper_block":38,"minecraft:iron_door":3,"mcwroofs:oak_planks_upper_lower_roof":6,"minecraft:bricks":1,"minecraft:rail":16,"minecraft:stone_hoe":2,"minecraft:oak_fence":28,"minecraft:dropper":1,"minecraft:oak_slab":2072,"minecraft:wooden_shovel":2,"minecraft:cauldron":1,"minecraft:crafting_table":19,"mcwwindows:oak_blinds":3,"minecraft:spruce_planks":26,"minecraft:wooden_pickaxe":14,"minecraft:iron_helmet":2,"minecraft:smithing_table":1,"mcwroofs:roofing_hammer":1,"minecraft:hopper_minecart":1,"minecraft:oak_wood":5,"minecraft:birch_planks":110,"mcwbridges:oak_log_bridge_middle":4,"mcwbridges:deepslate_tile_bridge_stair":60,"minecraft:iron_chestplate":2,"minecraft:paper":3,"minecraft:diamond_pickaxe":1,"minecraft:shield":1,"minecraft:stick":2468,"minecraft:iron_ingot":56,"minecraft:iron_pickaxe":52,"minecraft:iron_block":372,"minecraft:stone_sword":1,"minecraft:redstone_torch":7,"minecraft:deepslate_bricks":11708,"minecraft:shears":2,"minecraft:deepslate_tile_slab":1342,"mcwdoors:garage_white_door":3,"minecraft:coal":18,"minecraft:stone_shovel":1,"minecraft:iron_nugget":54,"mcwdoors:oak_western_door":3,"minecraft:stone_button":1,"minecraft:furnace":2,"minecraft:piston":12,"minecraft:raw_copper_block":5,"minecraft:oak_trapdoor":24,"minecraft:flint_and_steel":2,"minecraft:scaffolding":156,"minecraft:polished_diorite":28,"minecraft:polished_deepslate":13724,"minecraft:iron_axe":2,"minecraft:ladder":288,"minecraft:iron_hoe":2,"minecraft:stone_pickaxe":595,"mcwroofs:oak_planks_lower_roof":8,"minecraft:deepslate_tile_wall":384,"minecraft:spruce_boat":1,"minecraft:observer":10,"minecraft:minecart":1,"minecraft:cooked_beef":1,"minecraft:sugar":1,"minecraft:coal_block":2,"minecraft:iron_sword":8,"minecraft:bucket":34,"minecraft:deepslate_tiles":11216,"minecraft:stone_axe":12,"minecraft:air":0,"minecraft:bread":14,"mcwbridges:deepslate_tile_bridge_pier":30,"minecraft:cut_copper":36,"minecraft:oak_fence_gate":3,"minecraft:oak_boat":21,"mcwroofs:oak_planks_steep_roof":4,"minecraft:oak_chest_boat":1,"minecraft:oak_stairs":84,"minecraft:wooden_axe":7,"minecraft:iron_shovel":1,"minecraft:iron_leggings":2,"minecraft:stonecutter":1,"minecraft:anvil":1,"minecraft:white_bed":3,"minecraft:acacia_planks":22,"minecraft:torch":358,"mcwbridges:deepslate_tile_bridge":512},"minecraft:killed_by":{"minecraft:creeper":3,"minecraft:drowned":4,"minecraft:witch":9,"minecraft:zombie":16,"minecraft:player":2,"minecraft:spider":3,"minecraft:enderman":2,"minecraft:iron_golem":37,"minecraft:trader_llama":1,"minecraft:skeleton":13},"minecraft:custom":{"minecraft:animals_bred":4,"minecraft:interact_with_crafting_table":472,"minecraft:bell_ring":8,"minecraft:leave_game":57,"minecraft:time_since_death":131198,"minecraft:sprint_one_cm":2585460,"minecraft:damage_blocked_by_shield":80,"minecraft:drop":805,"minecraft:talked_to_villager":45,"minecraft:play_time":4096822,"minecraft:deaths":192,"minecraft:jump":26232,"minecraft:walk_on_water_one_cm":483308,"minecraft:interact_with_furnace":176,"minecraft:interact_with_loom":1,"minecraft:sleep_in_bed":76,"minecraft:damage_dealt":35797,"minecraft:player_kills":1,"minecraft:crouch_one_cm":459069,"minecraft:use_cauldron":1,"minecraft:interact_with_smithing_table":1,"minecraft:inspect_dropper":32,"minecraft:interact_with_anvil":1,"minecraft:mob_kills":100,"minecraft:inspect_hopper":55,"minecraft:climb_one_cm":1318069,"minecraft:walk_one_cm":15574598,"minecraft:sneak_time":146881,"minecraft:walk_under_water_one_cm":627843,"minecraft:boat_one_cm":2249781,"minecraft:total_world_time":4096822,"minecraft:interact_with_stonecutter":7,"minecraft:time_since_rest":6598,"minecraft:damage_taken":78809,"minecraft:swim_one_cm":69688,"minecraft:fly_one_cm":355530,"minecraft:open_chest":2135,"minecraft:fall_one_cm":871728},"minecraft:broken":{"minecraft:stone_pickaxe":483,"minecraft:diamond_pickaxe":1,"minecraft:wooden_sword":1,"minecraft:stone_axe":6,"minecraft:iron_sword":3,"minecraft:wooden_axe":4,"minecraft:stone_shovel":1,"minecraft:stone_hoe":2,"minecraft:wooden_pickaxe":10,"minecraft:iron_pickaxe":24},"minecraft:killed":{"minecraft:witch":1,"minecraft:spider":3,"minecraft:skeleton":6,"minecraft:chicken":1,"minecraft:magma_cube":11,"minecraft:wolf":1,"minecraft:pig":4,"minecraft:zombie_villager":1,"minecraft:iron_golem":29,"minecraft:sheep":5,"minecraft:zombie":16,"minecraft:cow":6,"minecraft:slime":5,"minecraft:drowned":1,"minecraft:wandering_trader":1,"minecraft:villager":3},"minecraft:picked_up":{"minecraft:wooden_axe":7,"minecraft:iron_chestplate":8,"minecraft:wheat":67,"minecraft:anvil":1,"minecraft:smithing_table":1,"minecraft:lead":8,"minecraft:oak_stairs":232,"minecraft:golden_shovel":1,"minecraft:polished_deepslate":1630,"minecraft:string":35,"minecraft:raw_copper":324,"minecraft:iron_leggings":19,"minecraft:oak_sign":32,"minecraft:beetroot":83,"mcwbridges:oak_log_bridge_middle":7,"minecraft:deepslate_tiles":3189,"minecraft:gold_nugget":64,"minecraft:cobbled_deepslate":19614,"minecraft:bucket":45,"minecraft:light_weighted_pressure_plate":5,"minecraft:rose_bush":4,"minecraft:redstone_torch":21,"minecraft:cobblestone_slab":6,"mcwroofs:deepslate_attic_roof":2,"minecraft:wooden_shovel":4,"minecraft:iron_pickaxe":19,"minecraft:deepslate_tile_wall":186,"minecraft:melon_slice":9,"minecraft:iron_boots":16,"minecraft:furnace":5,"minecraft:golden_helmet":8,"minecraft:stick":2094,"minecraft:composter":9,"minecraft:pink_carpet":4,"minecraft:oak_fence":59,"minecraft:torch":412,"minecraft:acacia_log":6,"minecraft:porkchop":10,"minecraft:diorite":341,"minecraft:golden_chestplate":5,"minecraft:cauldron":2,"minecraft:stone_sword":4,"minecraft:rotten_flesh":133,"minecraft:iron_block":14,"mcwroofs:oak_planks_lower_roof":5,"mcwdoors:garage_white_door":2,"minecraft:cobblestone":3538,"minecraft:birch_log":35,"minecraft:feather":2,"minecraft:repeater":20,"minecraft:magma_block":15,"minecraft:jungle_log":8,"minecraft:magma_cream":1,"minecraft:iron_door":4,"minecraft:water_bucket":11,"minecraft:birch_slab":203,"minecraft:andesite":322,"minecraft:flint":120,"minecraft:tuff":4614,"minecraft:stripped_birch_log":1,"minecraft:map":12,"minecraft:lapis_lazuli":138,"minecraft:dirt":1549,"minecraft:weathered_cut_copper":1,"mcwbridges:deepslate_tile_bridge_stair":103,"minecraft:glass":1097,"minecraft:bone":34,"minecraft:bow":4,"minecraft:stonecutter":2,"minecraft:wheat_seeds":204,"minecraft:raw_gold":26,"minecraft:birch_wood":34,"mcwdoors:oak_western_door":4,"mcwwindows:oak_blinds":4,"minecraft:bamboo":230,"minecraft:oak_planks":3008,"minecraft:oak_pressure_plate":2,"minecraft:dropper":17,"minecraft:sand":3259,"minecraft:mossy_cobblestone":10,"minecraft:exposed_cut_copper":1,"minecraft:diamond":14,"minecraft:lever":8,"minecraft:granite":437,"minecraft:bone_meal":3,"minecraft:bricks":1,"minecraft:bread":729,"minecraft:netherrack":51,"minecraft:oak_sapling":447,"minecraft:crimson_roots":5,"minecraft:diamond_pickaxe":16,"minecraft:cocoa_beans":14,"minecraft:crafting_table":19,"minecraft:chicken":1,"minecraft:ladder":1068,"minecraft:brown_mushroom":55,"minecraft:wooden_pickaxe":4,"minecraft:pink_wool":21,"mcwbridges:pliers":1,"minecraft:cornflower":2,"minecraft:oak_trapdoor":15,"minecraft:iron_axe":1,"minecraft:wooden_sword":6,"minecraft:flint_and_steel":4,"minecraft:birch_fence":2,"minecraft:beef":26,"minecraft:oak_boat":43,"mcwroofs:roofing_hammer":1,"minecraft:observer":10,"minecraft:poppy":284,"minecraft:light_gray_wool":1,"minecraft:minecart":1,"minecraft:chest":34,"minecraft:sugar_cane":82,"minecraft:birch_sapling":20,"minecraft:piston":22,"minecraft:egg":21,"minecraft:raw_iron":133,"minecraft:stone_button":8,"minecraft:carrot":2,"minecraft:redstone":560,"mcwbridges:deepslate_tile_bridge_pier":35,"minecraft:stone_shovel":2,"minecraft:arrow":28,"minecraft:beetroot_seeds":363,"minecraft:peony":1,"minecraft:deepslate_bricks":5,"minecraft:cut_copper":1,"minecraft:oak_chest_boat":2,"minecraft:mutton":8,"minecraft:rail":43,"minecraft:white_wool":24,"minecraft:oxeye_daisy":11,"minecraft:glow_ink_sac":7,"minecraft:leather":12,"minecraft:red_mushroom":36,"minecraft:birch_planks":261,"minecraft:crimson_fungus":1,"minecraft:oak_log":310,"minecraft:yellow_bed":57,"minecraft:gunpowder":1,"minecraft:cobblestone_stairs":3,"minecraft:wooden_hoe":1,"minecraft:deepslate_tile_slab":1659,"minecraft:paper":30,"minecraft:apple":58,"minecraft:kelp":1374,"minecraft:stone_pickaxe":214,"minecraft:iron_ingot":729,"minecraft:oak_fence_gate":22,"minecraft:cobweb":1,"minecraft:iron_sword":42,"minecraft:soul_sand":38,"minecraft:scaffolding":819,"minecraft:pink_bed":1,"minecraft:oak_slab":1300,"mcwroofs:oak_planks_upper_lower_roof":3,"mcwbridges:deepslate_tile_bridge":511,"minecraft:dandelion":14,"minecraft:gravel":793,"minecraft:lava_bucket":7,"minecraft:spruce_sapling":1,"minecraft:white_bed":66,"minecraft:spruce_log":8,"minecraft:spider_eye":2,"minecraft:slime_ball":9,"minecraft:polished_diorite":3,"minecraft:stone_axe":10,"minecraft:iron_helmet":13,"minecraft:gray_wool":9,"minecraft:oak_button":6,"minecraft:melon_seeds":3,"minecraft:coal":139,"minecraft:hopper":20},"minecraft:mined":{"minecraft:white_bed":59,"minecraft:oak_sapling":33,"minecraft:pink_bed":1,"minecraft:cobblestone_stairs":3,"minecraft:jungle_leaves":1,"minecraft:granite":939,"minecraft:acacia_log":6,"minecraft:deepslate_tile_wall":4,"minecraft:grass_block":881,"minecraft:jungle_log":8,"minecraft:oak_pressure_plate":2,"mcwroofs:deepslate_attic_roof":1,"minecraft:deepslate_bricks":23,"minecraft:coal_block":2,"minecraft:polished_diorite":3,"minecraft:crimson_fungus":1,"minecraft:composter":8,"minecraft:hopper":18,"minecraft:oak_wall_sign":14,"minecraft:oxeye_daisy":5,"minecraft:tall_seagrass":4,"minecraft:magma_block":140,"minecraft:cobbled_deepslate":829,"minecraft:iron_ore":56,"minecraft:fire":23,"minecraft:anvil":1,"minecraft:deepslate_lapis_ore":16,"minecraft:dirt_path":3,"minecraft:oak_sign":2,"minecraft:oak_stairs":2,"mcwwindows:oak_blinds":3,"minecraft:iron_block":10,"minecraft:deepslate_redstone_ore":156,"mcwbridges:deepslate_tile_bridge_pier":25,"minecraft:kelp_plant":51,"minecraft:crimson_nylium":1,"minecraft:deepslate_tile_slab":527,"mcwdoors:oak_western_door":1,"minecraft:clay":25,"minecraft:torch":40,"minecraft:poppy":2,"minecraft:melon":1,"minecraft:chest":38,"minecraft:glass":396,"minecraft:mushroom_stem":12,"minecraft:nether_quartz_ore":87,"minecraft:cobblestone":870,"minecraft:birch_wood":6,"minecraft:bricks":1,"minecraft:sugar_cane":37,"minecraft:oak_planks":467,"minecraft:iron_door":1,"minecraft:wall_torch":32,"minecraft:cauldron":1,"minecraft:birch_sapling":1,"minecraft:seagrass":1,"minecraft:repeater":19,"minecraft:birch_log":41,"mcwroofs:oak_planks_upper_lower_roof":3,"minecraft:wheat":65,"minecraft:grass":1023,"minecraft:oak_log":1747,"minecraft:beetroots":104,"minecraft:oak_fence_gate":16,"minecraft:sand":4154,"minecraft:dirt":1629,"mcwbridges:deepslate_tile_bridge":111,"minecraft:red_mushroom_block":39,"minecraft:stonecutter":2,"minecraft:netherrack":280,"minecraft:piston":22,"minecraft:oak_leaves":1633,"minecraft:deepslate":49885,"minecraft:nether_gold_ore":16,"minecraft:deepslate_tiles":862,"minecraft:exposed_cut_copper":1,"minecraft:tuff":5986,"minecraft:pink_carpet":4,"minecraft:dark_oak_leaves":1,"minecraft:deepslate_diamond_ore":47,"minecraft:stripped_birch_log":1,"minecraft:glow_lichen":3,"minecraft:lever":8,"minecraft:ladder":128,"mcwdoors:garage_white_door":2,"minecraft:stone_button":4,"minecraft:crimson_roots":5,"minecraft:redstone_wire":92,"minecraft:brown_mushroom_block":39,"minecraft:birch_slab":1,"minecraft:spruce_leaves":6,"minecraft:pink_wool":6,"minecraft:kelp":13,"minecraft:crimson_stem":11,"mcwroofs:oak_planks_lower_roof":1,"minecraft:hay_block":13,"minecraft:oak_trapdoor":26,"minecraft:furnace":5,"minecraft:andesite":982,"minecraft:peony":1,"minecraft:polished_deepslate":20,"minecraft:deepslate_iron_ore":23,"minecraft:cobblestone_slab":4,"minecraft:rail":3,"mcwroofs:oak_planks_steep_roof":2,"minecraft:bamboo":3,"minecraft:cut_copper":5,"minecraft:stone":8878,"minecraft:redstone_wall_torch":4,"minecraft:smithing_table":1,"minecraft:oak_slab":2099,"minecraft:scaffolding":147,"minecraft:soul_sand":7,"minecraft:observer":10,"minecraft:dandelion":6,"minecraft:oak_fence":82,"minecraft:crafting_table":13,"minecraft:cornflower":1,"minecraft:dropper":16,"minecraft:copper_ore":101,"minecraft:tall_grass":111,"minecraft:deepslate_gold_ore":42,"mcwbridges:oak_log_bridge_middle":7,"minecraft:diorite":1205,"minecraft:birch_planks":1,"mcwbridges:deepslate_tile_bridge_stair":112,"minecraft:redstone_torch":12,"minecraft:spruce_log":2,"minecraft:birch_leaves":26,"minecraft:weathered_cut_copper":1,"minecraft:yellow_bed":52,"minecraft:coal_ore":115,"minecraft:cocoa":2,"minecraft:gravel":1088,"minecraft:cobweb":23,"minecraft:oak_button":3,"minecraft:birch_fence":3},"minecraft:used":{"minecraft:beetroot":21,"minecraft:polished_deepslate":498,"minecraft:poppy":7,"minecraft:ladder":378,"minecraft:oak_sign":34,"minecraft:chest":94,"minecraft:shield":6,"minecraft:iron_sword":1028,"mcwbridges:deepslate_tile_bridge_stair":117,"mcwroofs:oak_planks_steep_roof":2,"minecraft:iron_chestplate":1,"minecraft:mutton":8,"minecraft:soul_sand":9,"minecraft:cut_copper":41,"mcwdoors:garage_white_door":2,"minecraft:carrot":2,"minecraft:deepslate_tile_slab":646,"minecraft:tuff":273,"minecraft:obsidian":3,"minecraft:spruce_boat":1,"minecraft:glass":3521,"minecraft:lava_bucket":128,"minecraft:bricks":1,"minecraft:birch_sapling":1,"mcwroofs:oak_planks_lower_roof":1,"minecraft:iron_helmet":1,"minecraft:hopper_minecart":2,"minecraft:pink_wool":6,"minecraft:repeater":19,"minecraft:magma_block":47,"minecraft:bow":2,"minecraft:scaffolding":600,"minecraft:oak_sapling":399,"minecraft:furnace":7,"minecraft:beetroot_seeds":66,"minecraft:egg":12,"minecraft:oak_chest_boat":2,"mcwroofs:deepslate_attic_roof":1,"minecraft:diorite":2,"minecraft:dropper":16,"minecraft:stone_pickaxe":64579,"minecraft:birch_wood":6,"minecraft:oak_planks":306,"minecraft:wooden_pickaxe":675,"minecraft:composter":6,"minecraft:sugar_cane":43,"mcwwindows:oak_blinds":3,"minecraft:oak_leaves":9,"minecraft:sand":29,"mcwroofs:oak_planks_upper_lower_roof":3,"minecraft:shears":157,"minecraft:deepslate_tiles":6173,"minecraft:redstone_torch":20,"minecraft:lever":8,"minecraft:stone_button":7,"minecraft:bread":108,"minecraft:birch_slab":82,"minecraft:melon_slice":9,"minecraft:oak_pressure_plate":2,"minecraft:iron_door":1,"minecraft:gravel":101,"minecraft:coal_block":2,"minecraft:wooden_sword":52,"minecraft:exposed_cut_copper":1,"minecraft:smithing_table":1,"minecraft:birch_log":1,"minecraft:andesite":14,"minecraft:oak_boat":37,"minecraft:bone_meal":3,"minecraft:cobweb":1,"minecraft:oak_fence":72,"minecraft:oak_trapdoor":30,"minecraft:stone_sword":103,"minecraft:flint_and_steel":7,"minecraft:stone_shovel":159,"minecraft:redstone":109,"mcwbridges:deepslate_tile_bridge_pier":27,"minecraft:netherrack":120,"mcwbridges:deepslate_tile_bridge":294,"minecraft:wooden_shovel":57,"minecraft:stone_hoe":262,"minecraft:torch":436,"minecraft:anvil":1,"minecraft:dirt":1210,"minecraft:hopper":31,"minecraft:polished_diorite":31,"minecraft:pink_carpet":4,"minecraft:granite":123,"minecraft:oak_fence_gate":14,"minecraft:wooden_axe":304,"mcwbridges:oak_log_bridge_middle":11,"minecraft:iron_block":376,"minecraft:iron_axe":85,"minecraft:iron_boots":2,"minecraft:bamboo":8,"minecraft:weathered_cut_copper":1,"minecraft:beef":13,"minecraft:observer":20,"minecraft:cobbled_deepslate":1777,"minecraft:iron_leggings":1,"minecraft:wheat_seeds":85,"minecraft:water_bucket":102,"minecraft:cobblestone_stairs":3,"minecraft:birch_planks":22,"minecraft:lead":2,"minecraft:cauldron":1,"minecraft:stonecutter":2,"minecraft:cobblestone_slab":1,"minecraft:deepslate_bricks":40,"minecraft:rail":3,"minecraft:oak_slab":1968,"minecraft:crafting_table":29,"minecraft:white_bed":64,"minecraft:deepslate_tile_wall":4,"minecraft:oak_log":87,"minecraft:piston":32,"minecraft:diamond_pickaxe":1571,"minecraft:apple":1,"minecraft:oxeye_daisy":1,"minecraft:chicken":1,"minecraft:oak_button":5,"minecraft:iron_pickaxe":7252,"mcwdoors:oak_western_door":3,"minecraft:stone_axe":1005,"minecraft:pink_bed":2,"minecraft:cobblestone":1177,"minecraft:porkchop":7,"minecraft:bucket":290,"minecraft:yellow_bed":52,"minecraft:kelp":241,"minecraft:dandelion":4}},"DataVersion":3120}