{
  "minecraft:recipes/tools/fishing_rod": {
    "criteria": {
      "has_string": "2022-09-23 00:59:48 +0900"
    },
    "done": true
  },
  "minecraft:recipes/food/cooked_mutton_from_campfire_cooking": {
    "criteria": {
      "has_mutton": "2022-09-04 03:40:17 +0900"
    },
    "done": true
  },
  "minecraft:recipes/decorations/smoker": {
    "criteria": {
      "has_furnace": "2022-09-04 22:21:05 +0900"
    },
    "done": true
  },
  "minecraft:recipes/building_blocks/black_stained_glass": {
    "criteria": {
      "has_glass": "2022-09-04 22:25:00 +0900"
    },
    "done": true
  },
  "mcwbridges:recipes/mud_brick_bridge_stair": {
    "criteria": {
      "has_planks": "2022-09-04 22:44:34 +0900"
    },
    "done": true
  },
  "mcwwindows:recipes/parapet/acacia_plank_parapet": {
    "criteria": {
      "has_planks": "2022-09-14 01:47:16 +0900"
    },
    "done": true
  },
  "minecraft:recipes/redstone/lever": {
    "criteria": {
      "has_cobblestone": "2022-09-04 02:47:22 +0900"
    },
    "done": true
  },
  "mcwbridges:recipes/rope_jungle_bridge": {
    "criteria": {
      "has_planks": "2022-09-04 22:44:34 +0900"
    },
    "done": true
  },
  "minecraft:recipes/combat/iron_sword": {
    "criteria": {
      "has_iron_ingot": "2022-09-23 00:49:30 +0900"
    },
    "done": true
  },
  "minecraft:recipes/redstone/spruce_door": {
    "criteria": {
      "has_planks": "2022-09-04 03:41:21 +0900"
    },
    "done": true
  },
  "minecraft:recipes/building_blocks/polished_deepslate": {
    "criteria": {
      "has_cobbled_deepslate": "2022-09-23 00:52:03 +0900"
    },
    "done": true
  },
  "minecraft:recipes/building_blocks/chiseled_deepslate_from_cobbled_deepslate_stonecutting": {
    "criteria": {
      "has_cobbled_deepslate": "2022-09-23 00:52:03 +0900"
    },
    "done": true
  },
  "minecraft:recipes/building_blocks/lime_concrete_powder": {
    "criteria": {
      "has_sand": "2022-09-04 02:34:12 +0900"
    },
    "done": true
  },
  "minecraft:recipes/building_blocks/gray_stained_glass": {
    "criteria": {
      "has_glass": "2022-09-04 22:25:00 +0900"
    },
    "done": true
  },
  "mcwwindows:recipes/stone/granite_window": {
    "criteria": {
      "has_planks": "2022-09-14 01:47:17 +0900"
    },
    "done": true
  },
  "minecraft:recipes/tools/iron_pickaxe": {
    "criteria": {
      "has_iron_ingot": "2022-09-23 00:49:30 +0900"
    },
    "done": true
  },
  "minecraft:recipes/building_blocks/yellow_concrete_powder": {
    "criteria": {
      "has_sand": "2022-09-04 02:34:12 +0900"
    },
    "done": true
  },
  "minecraft:recipes/redstone/spruce_fence_gate": {
    "criteria": {
      "has_planks": "2022-09-04 03:41:21 +0900"
    },
    "done": true
  },
  "mcwwindows:recipes/strip/stripped_dark_oak_log_window": {
    "criteria": {
      "has_planks": "2022-09-14 01:47:16 +0900"
    },
    "done": true
  },
  "minecraft:recipes/combat/leather_helmet": {
    "criteria": {
      "has_leather": "2022-09-04 03:00:51 +0900"
    },
    "done": true
  },
  "minecraft:recipes/misc/pumpkin_seeds": {
    "criteria": {
      "has_pumpkin": "2022-09-04 20:48:13 +0900"
    },
    "done": true
  },
  "minecraft:recipes/decorations/crafting_table": {
    "criteria": {
      "has_planks": "2022-09-04 02:39:17 +0900"
    },
    "done": true
  },
  "minecraft:recipes/building_blocks/magenta_wool": {
    "criteria": {
      "has_white_wool": "2022-09-04 03:40:17 +0900"
    },
    "done": true
  },
  "minecraft:recipes/building_blocks/purple_stained_glass": {
    "criteria": {
      "has_glass": "2022-09-04 22:25:00 +0900"
    },
    "done": true
  },
  "mcwwindows:recipes/parapet/warped_plank_parapet": {
    "criteria": {
      "has_planks": "2022-09-14 01:47:16 +0900"
    },
    "done": true
  },
  "minecraft:recipes/misc/melon_seeds": {
    "criteria": {
      "has_melon": "2022-09-04 04:08:30 +0900"
    },
    "done": true
  },
  "mcwwindows:recipes/windows/warped_stem_window": {
    "criteria": {
      "has_planks": "2022-09-14 01:47:16 +0900"
    },
    "done": true
  },
  "minecraft:recipes/decorations/ladder": {
    "criteria": {
      "has_stick": "2022-09-04 02:33:53 +0900"
    },
    "done": true
  },
  "mcwroofs:recipes/birch_planks": {
    "criteria": {
      "has_planks": "2022-09-14 01:47:16 +0900"
    },
    "done": true
  },
  "minecraft:recipes/decorations/chest": {
    "criteria": {
      "has_lots_of_items": "2022-09-04 02:46:32 +0900"
    },
    "done": true
  },
  "mcwwindows:recipes/stone/stone_window2": {
    "criteria": {
      "has_planks": "2022-09-14 01:47:16 +0900"
    },
    "done": true
  },
  "minecraft:recipes/combat/golden_sword": {
    "criteria": {
      "has_gold_ingot": "2022-09-23 01:14:08 +0900"
    },
    "done": true
  },
  "minecraft:recipes/building_blocks/cobbled_deepslate_slab": {
    "criteria": {
      "has_cobbled_deepslate": "2022-09-23 00:52:03 +0900"
    },
    "done": true
  },
  "minecraft:recipes/transportation/mangrove_boat": {
    "criteria": {
      "in_water": "2022-09-04 03:16:42 +0900"
    },
    "done": true
  },
  "minecraft:recipes/redstone/spruce_button": {
    "criteria": {
      "has_planks": "2022-09-04 03:41:21 +0900"
    },
    "done": true
  },
  "minecraft:recipes/tools/wooden_shovel": {
    "criteria": {
      "has_stick": "2022-09-04 02:33:53 +0900"
    },
    "done": true
  },
  "minecraft:recipes/decorations/torch": {
    "criteria": {
      "has_the_recipe": "2022-09-04 02:49:32 +0900"
    },
    "done": true
  },
  "mcwdoors:recipes/dark_oak": {
    "criteria": {
      "has_planks": "2022-09-14 01:47:16 +0900"
    },
    "done": true
  },
  "mcwroofs:recipes/dark_oak": {
    "criteria": {
      "has_planks": "2022-09-14 01:47:16 +0900"
    },
    "done": true
  },
  "minecraft:recipes/tools/shears": {
    "criteria": {
      "has_iron_ingot": "2022-09-23 00:49:30 +0900"
    },
    "done": true
  },
  "minecraft:recipes/misc/stick": {
    "criteria": {
      "has_planks": "2022-09-04 02:39:17 +0900"
    },
    "done": true
  },
  "minecraft:recipes/building_blocks/mossy_cobblestone_slab_from_mossy_cobblestone_stonecutting": {
    "criteria": {
      "has_mossy_cobblestone": "2022-09-04 21:13:31 +0900"
    },
    "done": true
  },
  "mcwdoors:recipes/spruce": {
    "criteria": {
      "has_planks": "2022-09-14 01:47:16 +0900"
    },
    "done": true
  },
  "mcwroofs:recipes/spruce": {
    "criteria": {
      "has_planks": "2022-09-14 01:47:16 +0900"
    },
    "done": true
  },
  "minecraft:recipes/misc/flower_banner_pattern": {
    "criteria": {
      "has_oxeye_daisy": "2022-09-05 00:16:15 +0900"
    },
    "done": true
  },
  "mcwbridges:recipes/oak_log_bridge_stair": {
    "criteria": {
      "has_planks": "2022-09-04 22:44:34 +0900"
    },
    "done": true
  },
  "minecraft:recipes/food/cake": {
    "criteria": {
      "has_egg": "2022-09-04 04:02:53 +0900"
    },
    "done": true
  },
  "minecraft:recipes/building_blocks/dark_oak_planks": {
    "criteria": {
      "has_log": "2022-09-04 20:34:22 +0900"
    },
    "done": true
  },
  "minecraft:recipes/transportation/detector_rail": {
    "criteria": {
      "has_rail": "2022-09-05 02:51:57 +0900"
    },
    "done": true
  },
  "mcwwindows:recipes/parapet/dark_oak_log_parapet": {
    "criteria": {
      "has_planks": "2022-09-14 01:47:16 +0900"
    },
    "done": true
  },
  "minecraft:recipes/combat/iron_leggings": {
    "criteria": {
      "has_iron_ingot": "2022-09-23 00:49:30 +0900"
    },
    "done": true
  },
  "minecraft:recipes/brewing/golden_carrot": {
    "criteria": {
      "has_gold_nugget": "2022-09-04 21:25:26 +0900"
    },
    "done": true
  },
  "minecraft:recipes/combat/shield": {
    "criteria": {
      "has_iron_ingot": "2022-09-23 00:49:30 +0900"
    },
    "done": true
  },
  "minecraft:recipes/building_blocks/cobblestone_slab": {
    "criteria": {
      "has_cobblestone": "2022-09-04 02:47:22 +0900"
    },
    "done": true
  },
  "minecraft:recipes/redstone/hopper": {
    "criteria": {
      "has_iron_ingot": "2022-09-23 00:49:30 +0900"
    },
    "done": true
  },
  "minecraft:recipes/decorations/cobbled_deepslate_wall_from_cobbled_deepslate_stonecutting": {
    "criteria": {
      "has_cobbled_deepslate": "2022-09-23 00:52:03 +0900"
    },
    "done": true
  },
  "mcwbridges:recipes/iron_bridge": {
    "criteria": {
      "has_planks": "2022-09-04 22:44:34 +0900"
    },
    "done": true
  },
  "minecraft:recipes/building_blocks/coarse_dirt": {
    "criteria": {
      "has_gravel": "2022-09-04 20:15:39 +0900"
    },
    "done": true
  },
  "minecraft:recipes/building_blocks/mossy_cobblestone_stairs_from_mossy_cobblestone_stonecutting": {
    "criteria": {
      "has_mossy_cobblestone": "2022-09-04 21:13:31 +0900"
    },
    "done": true
  },
  "mcwwindows:recipes/planks/mangrove_plank_window2": {
    "criteria": {
      "has_planks": "2022-09-14 01:47:17 +0900"
    },
    "done": true
  },
  "minecraft:recipes/transportation/jungle_chest_boat": {
    "criteria": {
      "has_boat": "2022-09-04 20:34:46 +0900"
    },
    "done": true
  },
  "mcwwindows:recipes/blinds/acacia_blinds": {
    "criteria": {
      "has_planks": "2022-09-14 01:47:17 +0900"
    },
    "done": true
  },
  "mcwbridges:recipes/bamboo_bridge_stair": {
    "criteria": {
      "has_planks": "2022-09-04 22:44:34 +0900"
    },
    "done": true
  },
  "minecraft:recipes/building_blocks/deepslate_tile_stairs_from_cobbled_deepslate_stonecutting": {
    "criteria": {
      "has_cobbled_deepslate": "2022-09-23 00:52:03 +0900"
    },
    "done": true
  },
  "minecraft:recipes/building_blocks/light_gray_concrete_powder": {
    "criteria": {
      "has_sand": "2022-09-04 02:34:12 +0900"
    },
    "done": true
  },
  "minecraft:recipes/misc/gold_ingot_from_smelting_raw_gold": {
    "criteria": {
      "has_raw_gold": "2022-09-23 01:17:39 +0900"
    },
    "done": true
  },
  "minecraft:recipes/combat/leather_leggings": {
    "criteria": {
      "has_leather": "2022-09-04 03:00:51 +0900"
    },
    "done": true
  },
  "minecraft:recipes/building_blocks/pink_concrete_powder": {
    "criteria": {
      "has_sand": "2022-09-04 02:34:12 +0900"
    },
    "done": true
  },
  "minecraft:recipes/redstone/lectern": {
    "criteria": {
      "has_book": "2022-09-04 21:25:17 +0900"
    },
    "done": true
  },
  "mcwbridges:recipes/jungle_rope_bridge_stair": {
    "criteria": {
      "has_planks": "2022-09-04 22:44:34 +0900"
    },
    "done": true
  },
  "minecraft:recipes/building_blocks/yellow_stained_glass": {
    "criteria": {
      "has_glass": "2022-09-04 22:25:00 +0900"
    },
    "done": true
  },
  "minecraft:recipes/decorations/magenta_bed_from_white_bed": {
    "criteria": {
      "has_bed": "2022-09-04 20:13:32 +0900"
    },
    "done": true
  },
  "minecraft:recipes/building_blocks/andesite_stairs_from_andesite_stonecutting": {
    "criteria": {
      "has_andesite": "2022-09-05 02:57:51 +0900"
    },
    "done": true
  },
  "minecraft:recipes/decorations/iron_bars": {
    "criteria": {
      "has_iron_ingot": "2022-09-23 00:49:30 +0900"
    },
    "done": true
  },
  "minecraft:recipes/misc/red_dye_from_rose_bush": {
    "criteria": {
      "has_rose_bush": "2022-09-04 04:04:04 +0900"
    },
    "done": true
  },
  "minecraft:recipes/building_blocks/blue_wool": {
    "criteria": {
      "has_white_wool": "2022-09-04 03:40:17 +0900"
    },
    "done": true
  },
  "minecraft:recipes/transportation/acacia_chest_boat": {
    "criteria": {
      "has_boat": "2022-09-04 20:34:46 +0900"
    },
    "done": true
  },
  "minecraft:recipes/building_blocks/gold_block": {
    "criteria": {
      "has_gold_ingot": "2022-09-23 01:14:08 +0900"
    },
    "done": true
  },
  "minecraft:story/obtain_armor": {
    "criteria": {
      "iron_chestplate": "2022-09-23 00:50:43 +0900"
    },
    "done": true
  },
  "mcwbridges:recipes/mossy_stone_brick_bridge": {
    "criteria": {
      "has_planks": "2022-09-04 22:44:34 +0900"
    },
    "done": true
  },
  "minecraft:recipes/decorations/deepslate_brick_wall_from_cobbled_deepslate_stonecutting": {
    "criteria": {
      "has_cobbled_deepslate": "2022-09-23 00:52:03 +0900"
    },
    "done": true
  },
  "minecraft:recipes/brewing/cauldron": {
    "criteria": {
      "has_water_bucket": "2022-09-05 01:02:22 +0900"
    },
    "done": true
  },
  "minecraft:recipes/building_blocks/sandstone": {
    "criteria": {
      "has_sand": "2022-09-04 02:34:12 +0900"
    },
    "done": true
  },
  "minecraft:adventure/sleep_in_bed": {
    "criteria": {
      "slept_in_bed": "2022-09-04 20:13:40 +0900"
    },
    "done": true
  },
  "minecraft:recipes/building_blocks/red_stained_glass": {
    "criteria": {
      "has_glass": "2022-09-04 22:25:00 +0900"
    },
    "done": true
  },
  "minecraft:recipes/building_blocks/spruce_planks": {
    "criteria": {
      "has_logs": "2022-09-04 03:40:36 +0900"
    },
    "done": true
  },
  "minecraft:story/lava_bucket": {
    "criteria": {
      "lava_bucket": "2022-09-05 02:26:50 +0900"
    },
    "done": true
  },
  "minecraft:recipes/building_blocks/cobblestone_slab_from_cobblestone_stonecutting": {
    "criteria": {
      "has_cobblestone": "2022-09-04 02:47:22 +0900"
    },
    "done": true
  },
  "mcwroofs:recipes/acacia_planks": {
    "criteria": {
      "has_planks": "2022-09-14 01:47:17 +0900"
    },
    "done": true
  },
  "mcwwindows:recipes/strip/stripped_spruce_log_window2": {
    "criteria": {
      "has_planks": "2022-09-14 01:47:16 +0900"
    },
    "done": true
  },
  "minecraft:recipes/building_blocks/oak_stairs": {
    "criteria": {
      "has_planks": "2022-09-04 02:45:42 +0900"
    },
    "done": true
  },
  "mcwbridges:recipes/deepslate_tile_bridge_stair": {
    "criteria": {
      "has_planks": "2022-09-04 22:44:34 +0900"
    },
    "done": true
  },
  "minecraft:recipes/building_blocks/polished_andesite_slab_from_andesite_stonecutting": {
    "criteria": {
      "has_andesite": "2022-09-05 02:57:51 +0900"
    },
    "done": true
  },
  "minecraft:recipes/transportation/acacia_boat": {
    "criteria": {
      "in_water": "2022-09-04 03:16:42 +0900"
    },
    "done": true
  },
  "minecraft:recipes/misc/copper_ingot_from_blasting_raw_copper": {
    "criteria": {
      "has_raw_copper": "2022-09-04 03:57:03 +0900"
    },
    "done": true
  },
  "mcwwindows:recipes/parapet/birch_plank_parapet": {
    "criteria": {
      "has_planks": "2022-09-14 01:47:16 +0900"
    },
    "done": true
  },
  "minecraft:recipes/redstone/iron_trapdoor": {
    "criteria": {
      "has_iron_ingot": "2022-09-23 00:49:30 +0900"
    },
    "done": true
  },
  "minecraft:recipes/decorations/birch_sign": {
    "criteria": {
      "has_planks": "2022-09-04 02:39:17 +0900"
    },
    "done": true
  },
  "mcwwindows:recipes/parapet/warped_stem_parapet": {
    "criteria": {
      "has_planks": "2022-09-14 01:47:16 +0900"
    },
    "done": true
  },
  "minecraft:adventure/root": {
    "criteria": {
      "killed_something": "2022-09-04 02:32:08 +0900"
    },
    "done": true
  },
  "minecraft:recipes/transportation/dark_oak_chest_boat": {
    "criteria": {
      "has_boat": "2022-09-04 20:34:46 +0900"
    },
    "done": true
  },
  "mcwbridges:recipes/jungle_log_bridge_middle": {
    "criteria": {
      "has_planks": "2022-09-04 22:44:34 +0900"
    },
    "done": true
  },
  "mcwbridges:recipes/dry_bamboo_bridge_pier": {
    "criteria": {
      "has_planks": "2022-09-04 22:44:34 +0900"
    },
    "done": true
  },
  "mcwbridges:recipes/blackstone_bridge_stair": {
    "criteria": {
      "has_planks": "2022-09-04 22:44:34 +0900"
    },
    "done": true
  },
  "minecraft:recipes/decorations/gray_bed_from_white_bed": {
    "criteria": {
      "has_bed": "2022-09-04 20:13:32 +0900"
    },
    "done": true
  },
  "minecraft:recipes/building_blocks/white_concrete_powder": {
    "criteria": {
      "has_sand": "2022-09-04 02:34:12 +0900"
    },
    "done": true
  },
  "mcwbridges:recipes/brick_bridge_stair": {
    "criteria": {
      "has_planks": "2022-09-04 22:44:34 +0900"
    },
    "done": true
  },
  "mcwbridges:recipes/dark_oak_bridge_pier": {
    "criteria": {
      "has_planks": "2022-09-04 22:44:34 +0900"
    },
    "done": true
  },
  "mcwwindows:recipes/arrow/cobblestone_arrow_slit": {
    "criteria": {
      "has_planks": "2022-09-14 01:47:16 +0900"
    },
    "done": true
  },
  "minecraft:recipes/building_blocks/white_wool_from_string": {
    "criteria": {
      "has_string": "2022-09-23 00:59:48 +0900"
    },
    "done": true
  },
  "mcwbridges:recipes/sandstone_bridge_pier": {
    "criteria": {
      "has_planks": "2022-09-04 22:44:34 +0900"
    },
    "done": true
  },
  "mcwbridges:recipes/dark_oak_log_bridge_stair": {
    "criteria": {
      "has_planks": "2022-09-04 22:44:34 +0900"
    },
    "done": true
  },
  "minecraft:adventure/kill_all_mobs": {
    "criteria": {
      "minecraft:skeleton": "2022-09-04 02:32:08 +0900",
      "minecraft:spider": "2022-09-04 20:47:08 +0900",
      "minecraft:zombie": "2022-09-04 02:33:18 +0900"
    },
    "done": false
  },
  "mcwwindows:recipes/arrow/ender_brick_arrow_slit": {
    "criteria": {
      "has_planks": "2022-09-14 01:47:16 +0900"
    },
    "done": true
  },
  "mcwbridges:recipes/jungle_log_bridge_stair": {
    "criteria": {
      "has_planks": "2022-09-04 22:44:34 +0900"
    },
    "done": true
  },
  "minecraft:recipes/building_blocks/birch_wood": {
    "criteria": {
      "has_log": "2022-09-04 02:37:21 +0900"
    },
    "done": true
  },
  "mcwbridges:recipes/deepslate_brick_bridge": {
    "criteria": {
      "has_planks": "2022-09-04 22:44:34 +0900"
    },
    "done": true
  },
  "minecraft:recipes/decorations/yellow_banner": {
    "criteria": {
      "has_yellow_wool": "2022-09-04 21:04:39 +0900"
    },
    "done": true
  },
  "minecraft:recipes/building_blocks/polished_deepslate_from_cobbled_deepslate_stonecutting": {
    "criteria": {
      "has_cobbled_deepslate": "2022-09-23 00:52:03 +0900"
    },
    "done": true
  },
  "mcwwindows:recipes/stone/stone_window": {
    "criteria": {
      "has_planks": "2022-09-14 01:47:16 +0900"
    },
    "done": true
  },
  "minecraft:recipes/food/cooked_beef_from_smoking": {
    "criteria": {
      "has_beef": "2022-09-04 02:59:52 +0900"
    },
    "done": true
  },
  "minecraft:recipes/decorations/pink_bed_from_white_bed": {
    "criteria": {
      "has_bed": "2022-09-04 20:13:32 +0900"
    },
    "done": true
  },
  "minecraft:recipes/building_blocks/lime_stained_glass": {
    "criteria": {
      "has_glass": "2022-09-04 22:25:00 +0900"
    },
    "done": true
  },
  "minecraft:recipes/food/cooked_chicken_from_campfire_cooking": {
    "criteria": {
      "has_chicken": "2022-09-04 04:02:39 +0900"
    },
    "done": true
  },
  "minecraft:recipes/brewing/glistering_melon_slice": {
    "criteria": {
      "has_melon": "2022-09-04 04:08:30 +0900"
    },
    "done": true
  },
  "minecraft:recipes/misc/iron_nugget_from_smelting": {
    "criteria": {
      "has_iron_shovel": "2022-09-23 00:47:56 +0900"
    },
    "done": true
  },
  "minecraft:recipes/food/cooked_mutton_from_smoking": {
    "criteria": {
      "has_mutton": "2022-09-04 03:40:17 +0900"
    },
    "done": true
  },
  "minecraft:recipes/building_blocks/polished_deepslate_slab_from_cobbled_deepslate_stonecutting": {
    "criteria": {
      "has_cobbled_deepslate": "2022-09-23 00:52:03 +0900"
    },
    "done": true
  },
  "mcwroofs:recipes/warped_planks": {
    "criteria": {
      "has_planks": "2022-09-14 01:47:16 +0900"
    },
    "done": true
  },
  "mcwwindows:recipes/windows/mangrove_window": {
    "criteria": {
      "has_planks": "2022-09-14 01:47:16 +0900"
    },
    "done": true
  },
  "minecraft:recipes/decorations/granite_wall_from_granite_stonecutting": {
    "criteria": {
      "has_granite": "2022-09-05 00:25:02 +0900"
    },
    "done": true
  },
  "minecraft:recipes/decorations/chain": {
    "criteria": {
      "has_iron_ingot": "2022-09-23 00:49:30 +0900"
    },
    "done": true
  },
  "minecraft:recipes/decorations/yellow_bed": {
    "criteria": {
      "has_yellow_wool": "2022-09-04 21:04:39 +0900"
    },
    "done": true
  },
  "minecraft:recipes/decorations/oak_fence": {
    "criteria": {
      "has_planks": "2022-09-04 02:45:42 +0900"
    },
    "done": true
  },
  "mcwwindows:recipes/blinds/dark_oak_blinds": {
    "criteria": {
      "has_planks": "2022-09-14 01:47:16 +0900"
    },
    "done": true
  },
  "mcwroofs:recipes/red_sandstone": {
    "criteria": {
      "has_planks": "2022-09-14 01:47:16 +0900"
    },
    "done": true
  },
  "minecraft:recipes/building_blocks/light_blue_stained_glass": {
    "criteria": {
      "has_glass": "2022-09-04 22:25:00 +0900"
    },
    "done": true
  },
  "minecraft:recipes/building_blocks/orange_concrete_powder": {
    "criteria": {
      "has_sand": "2022-09-04 02:34:12 +0900"
    },
    "done": true
  },
  "minecraft:recipes/food/cooked_porkchop": {
    "criteria": {
      "has_porkchop": "2022-09-04 03:44:03 +0900"
    },
    "done": true
  },
  "minecraft:recipes/food/baked_potato_from_campfire_cooking": {
    "criteria": {
      "has_potato": "2022-09-04 21:24:23 +0900"
    },
    "done": true
  },
  "minecraft:recipes/building_blocks/oak_slab": {
    "criteria": {
      "has_planks": "2022-09-04 02:45:42 +0900"
    },
    "done": true
  },
  "mcwroofs:recipes/sandstone": {
    "criteria": {
      "has_planks": "2022-09-14 01:47:16 +0900"
    },
    "done": true
  },
  "mcwbridges:recipes/warped_bridge_pier": {
    "criteria": {
      "has_planks": "2022-09-04 22:44:34 +0900"
    },
    "done": true
  },
  "minecraft:husbandry/tame_an_animal": {
    "criteria": {
      "tamed_animal": "2022-09-05 03:26:16 +0900"
    },
    "done": true
  },
  "mcwwindows:recipes/strip/stripped_mangrove_log_window": {
    "criteria": {
      "has_planks": "2022-09-14 01:47:17 +0900"
    },
    "done": true
  },
  "mcwbridges:recipes/sandstone_bridge_stair": {
    "criteria": {
      "has_planks": "2022-09-04 22:44:34 +0900"
    },
    "done": true
  },
  "minecraft:recipes/food/cooked_porkchop_from_campfire_cooking": {
    "criteria": {
      "has_porkchop": "2022-09-04 03:44:03 +0900"
    },
    "done": true
  },
  "minecraft:recipes/building_blocks/raw_copper_block": {
    "criteria": {
      "has_raw_copper": "2022-09-04 03:57:03 +0900"
    },
    "done": true
  },
  "mcwbridges:recipes/acacia_log_bridge_middle": {
    "criteria": {
      "has_planks": "2022-09-04 22:44:34 +0900"
    },
    "done": true
  },
  "minecraft:recipes/building_blocks/granite_stairs": {
    "criteria": {
      "has_granite": "2022-09-05 00:25:02 +0900"
    },
    "done": true
  },
  "mcwwindows:recipes/strip/stripped_crimson_stem_window": {
    "criteria": {
      "has_planks": "2022-09-14 01:47:16 +0900"
    },
    "done": true
  },
  "mcwbridges:recipes/spruce_log_bridge_stair": {
    "criteria": {
      "has_planks": "2022-09-04 22:44:34 +0900"
    },
    "done": true
  },
  "mcwroofs:recipes/terracotta": {
    "criteria": {
      "has_planks": "2022-09-14 01:47:16 +0900"
    },
    "done": true
  },
  "mcwbridges:recipes/jungle_rail_bridge": {
    "criteria": {
      "has_planks": "2022-09-04 22:44:34 +0900"
    },
    "done": true
  },
  "minecraft:recipes/building_blocks/black_wool": {
    "criteria": {
      "has_white_wool": "2022-09-04 03:40:17 +0900"
    },
    "done": true
  },
  "mcwwindows:recipes/parapet/oak_plank_parapet": {
    "criteria": {
      "has_planks": "2022-09-14 01:47:16 +0900"
    },
    "done": true
  },
  "minecraft:recipes/combat/golden_chestplate": {
    "criteria": {
      "has_gold_ingot": "2022-09-23 01:14:08 +0900"
    },
    "done": true
  },
  "minecraft:recipes/food/cooked_salmon_from_smoking": {
    "criteria": {
      "has_salmon": "2022-09-05 03:24:02 +0900"
    },
    "done": true
  },
  "mcwwindows:recipes/mosaic_block/pink_mosaic_glass": {
    "criteria": {
      "has_planks": "2022-09-14 01:47:16 +0900"
    },
    "done": true
  },
  "mcwwindows:recipes/blinds/mangrove_blinds": {
    "criteria": {
      "has_planks": "2022-09-14 01:47:16 +0900"
    },
    "done": true
  },
  "minecraft:recipes/decorations/deepslate_tile_wall_from_cobbled_deepslate_stonecutting": {
    "criteria": {
      "has_cobbled_deepslate": "2022-09-23 00:52:03 +0900"
    },
    "done": true
  },
  "minecraft:recipes/misc/iron_ingot_from_blasting_raw_iron": {
    "criteria": {
      "has_raw_iron": "2022-09-05 02:57:06 +0900"
    },
    "done": true
  },
  "mcwbridges:recipes/spruce_bridge_pier": {
    "criteria": {
      "has_planks": "2022-09-04 22:44:34 +0900"
    },
    "done": true
  },
  "mcwwindows:recipes/blinds/birch_blinds": {
    "criteria": {
      "has_planks": "2022-09-14 01:47:16 +0900"
    },
    "done": true
  },
  "minecraft:recipes/brewing/glass_bottle": {
    "criteria": {
      "has_glass": "2022-09-04 22:25:00 +0900"
    },
    "done": true
  },
  "minecraft:recipes/misc/blue_dye_from_cornflower": {
    "criteria": {
      "has_cornflower": "2022-09-04 21:06:43 +0900"
    },
    "done": true
  },
  "mcwwindows:recipes/planks/birch_plank_window2": {
    "criteria": {
      "has_planks": "2022-09-14 01:47:16 +0900"
    },
    "done": true
  },
  "minecraft:recipes/redstone/birch_button": {
    "criteria": {
      "has_planks": "2022-09-04 02:39:17 +0900"
    },
    "done": true
  },
  "minecraft:recipes/building_blocks/iron_block": {
    "criteria": {
      "has_iron_ingot": "2022-09-23 00:49:30 +0900"
    },
    "done": true
  },
  "mcwbridges:recipes/oak_bridge_pier": {
    "criteria": {
      "has_planks": "2022-09-04 22:44:34 +0900"
    },
    "done": true
  },
  "minecraft:recipes/misc/red_dye_from_poppy": {
    "criteria": {
      "has_poppy": "2022-09-04 21:25:30 +0900"
    },
    "done": true
  },
  "minecraft:recipes/building_blocks/jungle_wood": {
    "criteria": {
      "has_log": "2022-09-04 04:09:01 +0900"
    },
    "done": true
  },
  "minecraft:recipes/building_blocks/acacia_wood": {
    "criteria": {
      "has_log": "2022-09-04 20:41:35 +0900"
    },
    "done": true
  },
  "mcwwindows:recipes/parapet/acacia_log_parapet": {
    "criteria": {
      "has_planks": "2022-09-14 01:47:16 +0900"
    },
    "done": true
  },
  "minecraft:recipes/building_blocks/spruce_wood": {
    "criteria": {
      "has_log": "2022-09-04 03:40:36 +0900"
    },
    "done": true
  },
  "minecraft:recipes/misc/yellow_dye_from_dandelion": {
    "criteria": {
      "has_dandelion": "2022-09-04 21:06:43 +0900"
    },
    "done": true
  },
  "minecraft:recipes/building_blocks/green_stained_glass": {
    "criteria": {
      "has_glass": "2022-09-04 22:25:00 +0900"
    },
    "done": true
  },
  "minecraft:recipes/building_blocks/light_blue_wool": {
    "criteria": {
      "has_white_wool": "2022-09-04 03:40:17 +0900"
    },
    "done": true
  },
  "minecraft:recipes/combat/wooden_sword": {
    "criteria": {
      "has_stick": "2022-09-04 02:33:53 +0900"
    },
    "done": true
  },
  "mcwwindows:recipes/arrow/nether_brick_arrow_slit": {
    "criteria": {
      "has_planks": "2022-09-14 01:47:17 +0900"
    },
    "done": true
  },
  "minecraft:recipes/building_blocks/oak_planks": {
    "criteria": {
      "has_logs": "2022-09-04 02:43:25 +0900"
    },
    "done": true
  },
  "mcwwindows:recipes/parapet/spruce_plank_parapet": {
    "criteria": {
      "has_planks": "2022-09-14 01:47:17 +0900"
    },
    "done": true
  },
  "minecraft:recipes/building_blocks/gray_concrete_powder": {
    "criteria": {
      "has_sand": "2022-09-04 02:34:12 +0900"
    },
    "done": true
  },
  "mcwbridges:recipes/crimson_rail_bridge": {
    "criteria": {
      "has_planks": "2022-09-04 22:44:34 +0900"
    },
    "done": true
  },
  "mcwbridges:recipes/dark_oak_log_bridge_middle": {
    "criteria": {
      "has_planks": "2022-09-04 22:44:34 +0900"
    },
    "done": true
  },
  "minecraft:recipes/building_blocks/bookshelf": {
    "criteria": {
      "has_book": "2022-09-04 21:25:17 +0900"
    },
    "done": true
  },
  "minecraft:recipes/tools/golden_axe": {
    "criteria": {
      "has_gold_ingot": "2022-09-23 01:14:08 +0900"
    },
    "done": true
  },
  "minecraft:recipes/tools/iron_axe": {
    "criteria": {
      "has_iron_ingot": "2022-09-23 00:49:30 +0900"
    },
    "done": true
  },
  "minecraft:recipes/transportation/mangrove_chest_boat": {
    "criteria": {
      "has_boat": "2022-09-04 20:34:46 +0900"
    },
    "done": true
  },
  "minecraft:recipes/building_blocks/jungle_planks": {
    "criteria": {
      "has_logs": "2022-09-04 04:09:01 +0900"
    },
    "done": true
  },
  "mcwbridges:recipes/warped_rail_bridge": {
    "criteria": {
      "has_planks": "2022-09-04 22:44:34 +0900"
    },
    "done": true
  },
  "minecraft:recipes/redstone/tripwire_hook": {
    "criteria": {
      "has_string": "2022-09-23 00:59:48 +0900"
    },
    "done": true
  },
  "minecraft:recipes/building_blocks/raw_gold_block": {
    "criteria": {
      "has_raw_gold": "2022-09-23 01:17:39 +0900"
    },
    "done": true
  },
  "mcwbridges:recipes/birch_log_bridge_middle": {
    "criteria": {
      "has_planks": "2022-09-04 22:44:34 +0900"
    },
    "done": true
  },
  "minecraft:recipes/combat/iron_boots": {
    "criteria": {
      "has_iron_ingot": "2022-09-23 00:49:30 +0900"
    },
    "done": true
  },
  "minecraft:recipes/misc/bone_meal": {
    "criteria": {
      "has_bone": "2022-09-04 02:59:47 +0900"
    },
    "done": true
  },
  "mcwbridges:recipes/blackstone_bridge": {
    "criteria": {
      "has_planks": "2022-09-04 22:44:34 +0900"
    },
    "done": true
  },
  "minecraft:recipes/building_blocks/birch_planks": {
    "criteria": {
      "has_logs": "2022-09-04 02:37:21 +0900"
    },
    "done": true
  },
  "mcwwindows:recipes/mosaic_block/lime_mosaic_glass": {
    "criteria": {
      "has_planks": "2022-09-14 01:47:16 +0900"
    },
    "done": true
  },
  "minecraft:recipes/building_blocks/black_concrete_powder": {
    "criteria": {
      "has_sand": "2022-09-04 02:34:12 +0900"
    },
    "done": true
  },
  "mcwbridges:recipes/rope_dark_oak_bridge": {
    "criteria": {
      "has_planks": "2022-09-04 22:44:34 +0900"
    },
    "done": true
  },
  "minecraft:story/iron_tools": {
    "criteria": {
      "iron_pickaxe": "2022-09-23 00:50:20 +0900"
    },
    "done": true
  },
  "minecraft:recipes/redstone/birch_fence_gate": {
    "criteria": {
      "has_planks": "2022-09-04 02:39:17 +0900"
    },
    "done": true
  },
  "mcwwindows:recipes/mosaic_block/brown_mosaic_glass": {
    "criteria": {
      "has_planks": "2022-09-14 01:47:16 +0900"
    },
    "done": true
  },
  "mcwwindows:recipes/windows/jungle_window2": {
    "criteria": {
      "has_planks": "2022-09-14 01:47:16 +0900"
    },
    "done": true
  },
  "minecraft:recipes/combat/crossbow": {
    "criteria": {
      "has_stick": "2022-09-04 02:33:53 +0900"
    },
    "done": true
  },
  "mcwwindows:recipes/planks/acacia_plank_window2": {
    "criteria": {
      "has_planks": "2022-09-14 01:47:16 +0900"
    },
    "done": true
  },
  "minecraft:recipes/combat/iron_chestplate": {
    "criteria": {
      "has_iron_ingot": "2022-09-23 00:49:30 +0900"
    },
    "done": true
  },
  "minecraft:recipes/decorations/cobbled_deepslate_wall": {
    "criteria": {
      "has_cobbled_deepslate": "2022-09-23 00:52:03 +0900"
    },
    "done": true
  },
  "minecraft:recipes/building_blocks/yellow_wool": {
    "criteria": {
      "has_white_wool": "2022-09-04 03:40:17 +0900"
    },
    "done": true
  },
  "minecraft:recipes/redstone/spruce_pressure_plate": {
    "criteria": {
      "has_planks": "2022-09-04 03:41:21 +0900"
    },
    "done": true
  },
  "mcwbridges:recipes/red_sandstone_bridge_stair": {
    "criteria": {
      "has_planks": "2022-09-04 22:44:34 +0900"
    },
    "done": true
  },
  "mcwwindows:recipes/planks/jungle_plank_window2": {
    "criteria": {
      "has_planks": "2022-09-14 01:47:16 +0900"
    },
    "done": true
  },
  "minecraft:recipes/decorations/oak_sign": {
    "criteria": {
      "has_planks": "2022-09-04 02:45:42 +0900"
    },
    "done": true
  },
  "minecraft:recipes/food/cooked_porkchop_from_smoking": {
    "criteria": {
      "has_porkchop": "2022-09-04 03:44:03 +0900"
    },
    "done": true
  },
  "mcwbridges:recipes/deepslate_brick_bridge_pier": {
    "criteria": {
      "has_planks": "2022-09-04 22:44:34 +0900"
    },
    "done": true
  },
  "minecraft:recipes/redstone/oak_trapdoor": {
    "criteria": {
      "has_planks": "2022-09-04 02:45:42 +0900"
    },
    "done": true
  },
  "mcwbridges:recipes/spruce_rail_bridge": {
    "criteria": {
      "has_planks": "2022-09-04 22:44:34 +0900"
    },
    "done": true
  },
  "minecraft:recipes/building_blocks/granite_stairs_from_granite_stonecutting": {
    "criteria": {
      "has_granite": "2022-09-05 00:25:02 +0900"
    },
    "done": true
  },
  "mcwroofs:recipes/birch": {
    "criteria": {
      "has_planks": "2022-09-14 01:47:16 +0900"
    },
    "done": true
  },
  "mcwwindows:recipes/planks/birch_plank_window": {
    "criteria": {
      "has_planks": "2022-09-14 01:47:16 +0900"
    },
    "done": true
  },
  "mcwbridges:recipes/birch_rail_bridge": {
    "criteria": {
      "has_planks": "2022-09-04 22:44:34 +0900"
    },
    "done": true
  },
  "minecraft:recipes/building_blocks/red_concrete_powder": {
    "criteria": {
      "has_sand": "2022-09-04 02:34:12 +0900"
    },
    "done": true
  },
  "minecraft:recipes/decorations/light_blue_bed_from_white_bed": {
    "criteria": {
      "has_bed": "2022-09-04 20:13:32 +0900"
    },
    "done": true
  },
  "mcwwindows:recipes/planks/spruce_plank_window": {
    "criteria": {
      "has_planks": "2022-09-14 01:47:16 +0900"
    },
    "done": true
  },
  "minecraft:recipes/misc/iron_nugget_from_blasting": {
    "criteria": {
      "has_iron_shovel": "2022-09-23 00:47:56 +0900"
    },
    "done": true
  },
  "mcwwindows:recipes/parapet/mangrove_log_parapet": {
    "criteria": {
      "has_planks": "2022-09-14 01:47:16 +0900"
    },
    "done": true
  },
  "minecraft:recipes/decorations/polished_deepslate_wall_from_cobbled_deepslate_stonecutting": {
    "criteria": {
      "has_cobbled_deepslate": "2022-09-23 00:52:03 +0900"
    },
    "done": true
  },
  "mcwwindows:recipes/stone/andesite_window2": {
    "criteria": {
      "has_planks": "2022-09-14 01:47:16 +0900"
    },
    "done": true
  },
  "minecraft:adventure/kill_a_mob": {
    "criteria": {
      "minecraft:skeleton": "2022-09-04 02:32:08 +0900"
    },
    "done": true
  },
  "minecraft:recipes/tools/golden_pickaxe": {
    "criteria": {
      "has_gold_ingot": "2022-09-23 01:14:08 +0900"
    },
    "done": true
  },
  "mcwwindows:recipes/strip/stripped_jungle_log_window2": {
    "criteria": {
      "has_planks": "2022-09-14 01:47:16 +0900"
    },
    "done": true
  },
  "mcwwindows:recipes/parapet/mangrove_plank_parapet": {
    "criteria": {
      "has_planks": "2022-09-14 01:47:16 +0900"
    },
    "done": true
  },
  "minecraft:recipes/building_blocks/stone": {
    "criteria": {
      "has_cobblestone": "2022-09-04 02:47:22 +0900"
    },
    "done": true
  },
  "mcwbridges:recipes/spruce_rope_bridge_stair": {
    "criteria": {
      "has_planks": "2022-09-04 22:44:34 +0900"
    },
    "done": true
  },
  "minecraft:recipes/building_blocks/deepslate_bricks_from_cobbled_deepslate_stonecutting": {
    "criteria": {
      "has_cobbled_deepslate": "2022-09-23 00:52:03 +0900"
    },
    "done": true
  },
  "minecraft:adventure/adventuring_time": {
    "criteria": {
      "minecraft:deep_ocean": "2022-09-04 20:53:17 +0900",
      "minecraft:sunflower_plains": "2022-09-04 20:45:24 +0900",
      "minecraft:birch_forest": "2022-09-04 02:35:13 +0900",
      "minecraft:windswept_hills": "2022-09-04 03:00:49 +0900",
      "minecraft:beach": "2022-09-04 02:31:26 +0900",
      "minecraft:dark_forest": "2022-09-04 04:12:21 +0900",
      "minecraft:river": "2022-09-04 03:54:10 +0900",
      "minecraft:forest": "2022-09-04 02:43:10 +0900",
      "minecraft:windswept_forest": "2022-09-04 03:39:09 +0900",
      "minecraft:ocean": "2022-09-04 03:16:34 +0900",
      "minecraft:jungle": "2022-09-04 04:06:56 +0900",
      "minecraft:windswept_savanna": "2022-09-04 20:41:02 +0900",
      "minecraft:flower_forest": "2022-09-04 20:45:39 +0900",
      "minecraft:old_growth_birch_forest": "2022-09-04 20:40:47 +0900",
      "minecraft:plains": "2022-09-04 20:44:07 +0900"
    },
    "done": false
  },
  "minecraft:recipes/building_blocks/deepslate_brick_stairs_from_cobbled_deepslate_stonecutting": {
    "criteria": {
      "has_cobbled_deepslate": "2022-09-23 00:52:03 +0900"
    },
    "done": true
  },
  "minecraft:recipes/decorations/purple_bed_from_white_bed": {
    "criteria": {
      "has_bed": "2022-09-04 20:13:32 +0900"
    },
    "done": true
  },
  "mcwwindows:recipes/planks/crimson_planks_window": {
    "criteria": {
      "has_planks": "2022-09-14 01:47:17 +0900"
    },
    "done": true
  },
  "mcwwindows:recipes/arrow/stone_brick_arrow_slit": {
    "criteria": {
      "has_planks": "2022-09-14 01:47:17 +0900"
    },
    "done": true
  },
  "mcwbridges:recipes/bamboo_bridge_pier": {
    "criteria": {
      "has_planks": "2022-09-04 22:44:34 +0900"
    },
    "done": true
  },
  "mcwbridges:recipes/birch_rope_bridge_stair": {
    "criteria": {
      "has_planks": "2022-09-04 22:44:34 +0900"
    },
    "done": true
  },
  "mcwbridges:recipes/dark_oak_rope_bridge_stair": {
    "criteria": {
      "has_planks": "2022-09-04 22:44:34 +0900"
    },
    "done": true
  },
  "minecraft:recipes/combat/stone_sword": {
    "criteria": {
      "has_cobblestone": "2022-09-04 02:47:22 +0900"
    },
    "done": true
  },
  "minecraft:recipes/decorations/barrel": {
    "criteria": {
      "has_planks": "2022-09-04 02:39:17 +0900"
    },
    "done": true
  },
  "minecraft:recipes/decorations/cobblestone_wall": {
    "criteria": {
      "has_cobblestone": "2022-09-04 02:47:22 +0900"
    },
    "done": true
  },
  "mcwroofs:recipes/mangrove_planks": {
    "criteria": {
      "has_planks": "2022-09-14 01:47:16 +0900"
    },
    "done": true
  },
  "minecraft:recipes/misc/iron_ingot_from_smelting_raw_iron": {
    "criteria": {
      "has_raw_iron": "2022-09-05 02:57:06 +0900"
    },
    "done": true
  },
  "mcwwindows:recipes/mosaic_block/black_mosaic_glass": {
    "criteria": {
      "has_planks": "2022-09-14 01:47:16 +0900"
    },
    "done": true
  },
  "minecraft:recipes/tools/stone_pickaxe": {
    "criteria": {
      "has_cobblestone": "2022-09-04 02:47:22 +0900"
    },
    "done": true
  },
  "minecraft:recipes/decorations/smithing_table": {
    "criteria": {
      "has_iron_ingot": "2022-09-23 00:49:30 +0900"
    },
    "done": true
  },
  "mcwbridges:recipes/dark_oak_rail_bridge": {
    "criteria": {
      "has_planks": "2022-09-04 22:44:34 +0900"
    },
    "done": true
  },
  "mcwroofs:recipes/concrete": {
    "criteria": {
      "has_planks": "2022-09-14 01:47:16 +0900"
    },
    "done": true
  },
  "minecraft:recipes/building_blocks/deepslate_brick_slab_from_cobbled_deepslate_stonecutting": {
    "criteria": {
      "has_cobbled_deepslate": "2022-09-23 00:52:03 +0900"
    },
    "done": true
  },
  "minecraft:recipes/building_blocks/brown_stained_glass": {
    "criteria": {
      "has_glass": "2022-09-04 22:25:00 +0900"
    },
    "done": true
  },
  "minecraft:husbandry/plant_seed": {
    "criteria": {
      "wheat": "2022-09-05 01:17:40 +0900"
    },
    "done": true
  },
  "minecraft:recipes/combat/leather_boots": {
    "criteria": {
      "has_leather": "2022-09-04 03:00:51 +0900"
    },
    "done": true
  },
  "minecraft:recipes/decorations/cobblestone_wall_from_cobblestone_stonecutting": {
    "criteria": {
      "has_cobblestone": "2022-09-04 02:47:22 +0900"
    },
    "done": true
  },
  "mcwwindows:recipes/parapet/dark_oak_plank_parapet": {
    "criteria": {
      "has_planks": "2022-09-14 01:47:16 +0900"
    },
    "done": true
  },
  "mcwwindows:recipes/mosaic_block/orange_mosaic_glass": {
    "criteria": {
      "has_planks": "2022-09-14 01:47:16 +0900"
    },
    "done": true
  },
  "mcwwindows:recipes/strip/stripped_warped_stem_window": {
    "criteria": {
      "has_planks": "2022-09-14 01:47:16 +0900"
    },
    "done": true
  },
  "minecraft:recipes/building_blocks/light_gray_stained_glass": {
    "criteria": {
      "has_glass": "2022-09-04 22:25:00 +0900"
    },
    "done": true
  },
  "minecraft:recipes/decorations/yellow_carpet": {
    "criteria": {
      "has_yellow_wool": "2022-09-04 21:04:39 +0900"
    },
    "done": true
  },
  "mcwwindows:recipes/strip/stripped_warped_stem_window2": {
    "criteria": {
      "has_planks": "2022-09-14 01:47:16 +0900"
    },
    "done": true
  },
  "mcwwindows:recipes/mosaic_block/blue_mosaic_glass": {
    "criteria": {
      "has_planks": "2022-09-14 01:47:16 +0900"
    },
    "done": true
  },
  "minecraft:recipes/decorations/lantern": {
    "criteria": {
      "has_iron_ingot": "2022-09-23 00:49:30 +0900"
    },
    "done": true
  },
  "mcwbridges:recipes/spruce_log_bridge_middle": {
    "criteria": {
      "has_planks": "2022-09-04 22:44:34 +0900"
    },
    "done": true
  },
  "minecraft:recipes/misc/stick_from_bamboo_item": {
    "criteria": {
      "has_bamboo": "2022-09-04 04:10:52 +0900"
    },
    "done": true
  },
  "mcwwindows:recipes/strip/stripped_dark_oak_log_window2": {
    "criteria": {
      "has_planks": "2022-09-14 01:47:16 +0900"
    },
    "done": true
  },
  "minecraft:nether/explore_nether": {
    "criteria": {
      "minecraft:crimson_forest": "2022-09-23 01:32:37 +0900",
      "minecraft:nether_wastes": "2022-09-23 01:11:39 +0900"
    },
    "done": false
  },
  "mcwwindows:recipes/strip/stripped_acacia_log_window2": {
    "criteria": {
      "has_planks": "2022-09-14 01:47:16 +0900"
    },
    "done": true
  },
  "minecraft:recipes/food/cookie": {
    "criteria": {
      "has_cocoa": "2022-09-04 04:07:11 +0900"
    },
    "done": true
  },
  "minecraft:recipes/misc/gold_nugget_from_smelting": {
    "criteria": {
      "has_golden_sword": "2022-09-23 01:14:32 +0900"
    },
    "done": true
  },
  "mcwroofs:recipes/thatch": {
    "criteria": {
      "has_planks": "2022-09-14 01:47:16 +0900"
    },
    "done": true
  },
  "mcwdoors:recipes/birch": {
    "criteria": {
      "has_planks": "2022-09-14 01:47:17 +0900"
    },
    "done": true
  },
  "minecraft:recipes/building_blocks/cobbled_deepslate_slab_from_cobbled_deepslate_stonecutting": {
    "criteria": {
      "has_cobbled_deepslate": "2022-09-23 00:52:03 +0900"
    },
    "done": true
  },
  "minecraft:recipes/building_blocks/light_gray_wool": {
    "criteria": {
      "has_white_wool": "2022-09-04 03:40:17 +0900"
    },
    "done": true
  },
  "mcwbridges:recipes/acacia_rope_bridge_stair": {
    "criteria": {
      "has_planks": "2022-09-04 22:44:34 +0900"
    },
    "done": true
  },
  "minecraft:recipes/decorations/andesite_wall": {
    "criteria": {
      "has_andesite": "2022-09-05 02:57:51 +0900"
    },
    "done": true
  },
  "minecraft:recipes/food/cooked_chicken": {
    "criteria": {
      "has_chicken": "2022-09-04 04:02:39 +0900"
    },
    "done": true
  },
  "minecraft:recipes/decorations/red_bed_from_white_bed": {
    "criteria": {
      "has_bed": "2022-09-04 20:13:32 +0900"
    },
    "done": true
  },
  "minecraft:recipes/building_blocks/andesite_slab": {
    "criteria": {
      "has_andesite": "2022-09-05 02:57:51 +0900"
    },
    "done": true
  },
  "minecraft:recipes/building_blocks/red_wool": {
    "criteria": {
      "has_white_wool": "2022-09-04 03:40:17 +0900"
    },
    "done": true
  },
  "minecraft:recipes/misc/light_gray_dye_from_oxeye_daisy": {
    "criteria": {
      "has_oxeye_daisy": "2022-09-05 00:16:15 +0900"
    },
    "done": true
  },
  "mcwwindows:recipes/mosaic_block/purple_mosaic_glass": {
    "criteria": {
      "has_planks": "2022-09-14 01:47:16 +0900"
    },
    "done": true
  },
  "mcwbridges:recipes/iron_bridge_stair": {
    "criteria": {
      "has_planks": "2022-09-04 22:44:34 +0900"
    },
    "done": true
  },
  "mcwwindows:recipes/stone/diorite_window": {
    "criteria": {
      "has_planks": "2022-09-14 01:47:16 +0900"
    },
    "done": true
  },
  "minecraft:recipes/tools/stone_axe": {
    "criteria": {
      "has_cobblestone": "2022-09-04 02:47:22 +0900"
    },
    "done": true
  },
  "minecraft:recipes/misc/brown_dye": {
    "criteria": {
      "has_cocoa_beans": "2022-09-04 04:07:11 +0900"
    },
    "done": true
  },
  "minecraft:recipes/food/cooked_mutton": {
    "criteria": {
      "has_mutton": "2022-09-04 03:40:17 +0900"
    },
    "done": true
  },
  "minecraft:recipes/building_blocks/raw_iron_block": {
    "criteria": {
      "has_raw_iron": "2022-09-05 02:57:06 +0900"
    },
    "done": true
  },
  "minecraft:recipes/misc/white_dye_from_lily_of_the_valley": {
    "criteria": {
      "has_lily_of_the_valley": "2022-09-04 03:58:21 +0900"
    },
    "done": true
  },
  "mcwbridges:recipes/stone_bridge_pier": {
    "criteria": {
      "has_planks": "2022-09-04 22:44:34 +0900"
    },
    "done": true
  },
  "minecraft:recipes/building_blocks/purple_wool": {
    "criteria": {
      "has_white_wool": "2022-09-04 03:40:17 +0900"
    },
    "done": true
  },
  "minecraft:recipes/building_blocks/cobblestone_stairs_from_cobblestone_stonecutting": {
    "criteria": {
      "has_cobblestone": "2022-09-04 02:47:22 +0900"
    },
    "done": true
  },
  "mcwwindows:recipes/windows/birch_window2": {
    "criteria": {
      "has_planks": "2022-09-14 01:47:17 +0900"
    },
    "done": true
  },
  "minecraft:recipes/building_blocks/magenta_concrete_powder": {
    "criteria": {
      "has_sand": "2022-09-04 02:34:12 +0900"
    },
    "done": true
  },
  "minecraft:recipes/misc/writable_book": {
    "criteria": {
      "has_book": "2022-09-04 21:25:17 +0900"
    },
    "done": true
  },
  "mcwwindows:recipes/gothic/stone_brick_gothic": {
    "criteria": {
      "has_planks": "2022-09-14 01:47:16 +0900"
    },
    "done": true
  },
  "minecraft:recipes/decorations/white_bed": {
    "criteria": {
      "has_white_wool": "2022-09-04 03:40:17 +0900"
    },
    "done": true
  },
  "minecraft:recipes/building_blocks/polished_andesite_stairs_from_andesite_stonecutting": {
    "criteria": {
      "has_andesite": "2022-09-05 02:57:51 +0900"
    },
    "done": true
  },
  "mcwroofs:recipes/stone": {
    "criteria": {
      "has_planks": "2022-09-14 01:47:17 +0900"
    },
    "done": true
  },
  "mcwroofs:recipes/jungle": {
    "criteria": {
      "has_planks": "2022-09-14 01:47:16 +0900"
    },
    "done": true
  },
  "mcwbridges:recipes/brick_bridge": {
    "criteria": {
      "has_planks": "2022-09-04 22:44:34 +0900"
    },
    "done": true
  },
  "minecraft:nether/root": {
    "criteria": {
      "entered_nether": "2022-09-23 01:11:39 +0900"
    },
    "done": true
  },
  "mcwbridges:recipes/rope_spruce_bridge": {
    "criteria": {
      "has_planks": "2022-09-04 22:44:34 +0900"
    },
    "done": true
  },
  "minecraft:recipes/redstone/birch_pressure_plate": {
    "criteria": {
      "has_planks": "2022-09-04 02:39:17 +0900"
    },
    "done": true
  },
  "minecraft:recipes/decorations/campfire": {
    "criteria": {
      "has_stick": "2022-09-04 02:33:53 +0900"
    },
    "done": true
  },
  "mcwwindows:recipes/stone/andesite_window": {
    "criteria": {
      "has_planks": "2022-09-14 01:47:16 +0900"
    },
    "done": true
  },
  "minecraft:recipes/decorations/candle": {
    "criteria": {
      "has_string": "2022-09-23 00:59:48 +0900"
    },
    "done": true
  },
  "mcwroofs:recipes/mud_bricks": {
    "criteria": {
      "has_planks": "2022-09-14 01:47:16 +0900"
    },
    "done": true
  },
  "minecraft:recipes/tools/golden_hoe": {
    "criteria": {
      "has_gold_ingot": "2022-09-23 01:14:08 +0900"
    },
    "done": true
  },
  "minecraft:recipes/food/bread": {
    "criteria": {
      "has_wheat": "2022-09-05 00:46:09 +0900"
    },
    "done": true
  },
  "mcwwindows:recipes/mosaic_block/light_gray_mosaic_glass": {
    "criteria": {
      "has_planks": "2022-09-14 01:47:16 +0900"
    },
    "done": true
  },
  "mcwwindows:recipes/planks/oak_plank_window": {
    "criteria": {
      "has_planks": "2022-09-14 01:47:17 +0900"
    },
    "done": true
  },
  "minecraft:recipes/misc/iron_nugget": {
    "criteria": {
      "has_iron_ingot": "2022-09-23 00:49:30 +0900"
    },
    "done": true
  },
  "minecraft:recipes/building_blocks/brown_concrete_powder": {
    "criteria": {
      "has_sand": "2022-09-04 02:34:12 +0900"
    },
    "done": true
  },
  "mcwroofs:recipes/oak": {
    "criteria": {
      "has_planks": "2022-09-14 01:47:16 +0900"
    },
    "done": true
  },
  "minecraft:recipes/decorations/black_bed_from_white_bed": {
    "criteria": {
      "has_bed": "2022-09-04 20:13:32 +0900"
    },
    "done": true
  },
  "mcwwindows:recipes/planks/acacia_plank_window": {
    "criteria": {
      "has_planks": "2022-09-14 01:47:16 +0900"
    },
    "done": true
  },
  "minecraft:recipes/building_blocks/deepslate_tile_slab_from_cobbled_deepslate_stonecutting": {
    "criteria": {
      "has_cobbled_deepslate": "2022-09-23 00:52:03 +0900"
    },
    "done": true
  },
  "minecraft:recipes/building_blocks/blue_stained_glass": {
    "criteria": {
      "has_glass": "2022-09-04 22:25:00 +0900"
    },
    "done": true
  },
  "minecraft:recipes/building_blocks/cyan_wool": {
    "criteria": {
      "has_white_wool": "2022-09-04 03:40:17 +0900"
    },
    "done": true
  },
  "mcwbridges:recipes/mangrove_log_bridge_middle": {
    "criteria": {
      "has_planks": "2022-09-04 22:44:34 +0900"
    },
    "done": true
  },
  "mcwwindows:recipes/parapet/granite_parapet": {
    "criteria": {
      "has_planks": "2022-09-14 01:47:16 +0900"
    },
    "done": true
  },
  "minecraft:recipes/transportation/spruce_boat": {
    "criteria": {
      "in_water": "2022-09-04 03:16:42 +0900"
    },
    "done": true
  },
  "mcwbridges:recipes/acacia_rail_bridge": {
    "criteria": {
      "has_planks": "2022-09-04 22:44:34 +0900"
    },
    "done": true
  },
  "mcwdoors:recipes/oak": {
    "criteria": {
      "has_planks": "2022-09-14 01:47:16 +0900"
    },
    "done": true
  },
  "minecraft:recipes/misc/red_dye_from_beetroot": {
    "criteria": {
      "has_beetroot": "2022-09-05 01:52:52 +0900"
    },
    "done": true
  },
  "minecraft:recipes/misc/firework_rocket_simple": {
    "criteria": {
      "has_gunpowder": "2022-09-04 03:26:17 +0900"
    },
    "done": true
  },
  "mcwbridges:recipes/rope_acacia_bridge": {
    "criteria": {
      "has_planks": "2022-09-04 22:44:34 +0900"
    },
    "done": true
  },
  "mcwwindows:recipes/parapet/jungle_log_parapet": {
    "criteria": {
      "has_planks": "2022-09-14 01:47:16 +0900"
    },
    "done": true
  },
  "mcwwindows:recipes/parapet/jungle_plank_parapet": {
    "criteria": {
      "has_planks": "2022-09-14 01:47:16 +0900"
    },
    "done": true
  },
  "minecraft:recipes/food/mushroom_stew": {
    "criteria": {
      "has_red_mushroom": "2022-09-04 20:39:59 +0900"
    },
    "done": true
  },
  "mcwbridges:recipes/blackstone_bridge_pier": {
    "criteria": {
      "has_planks": "2022-09-04 22:44:34 +0900"
    },
    "done": true
  },
  "minecraft:recipes/building_blocks/gray_wool": {
    "criteria": {
      "has_white_wool": "2022-09-04 03:40:17 +0900"
    },
    "done": true
  },
  "minecraft:recipes/building_blocks/polished_granite_from_granite_stonecutting": {
    "criteria": {
      "has_granite": "2022-09-05 00:25:02 +0900"
    },
    "done": true
  },
  "mcwroofs:recipes/oak_planks": {
    "criteria": {
      "has_planks": "2022-09-14 01:47:16 +0900"
    },
    "done": true
  },
  "minecraft:recipes/misc/sugar_from_sugar_cane": {
    "criteria": {
      "has_sugar_cane": "2022-09-04 20:40:48 +0900"
    },
    "done": true
  },
  "minecraft:recipes/misc/gold_nugget": {
    "criteria": {
      "has_gold_ingot": "2022-09-23 01:14:08 +0900"
    },
    "done": true
  },
  "mcwwindows:recipes/windows/acacia_window": {
    "criteria": {
      "has_planks": "2022-09-14 01:47:16 +0900"
    },
    "done": true
  },
  "minecraft:husbandry/balanced_diet": {
    "criteria": {
      "chicken": "2022-09-04 04:03:11 +0900",
      "cooked_mutton": "2022-09-05 02:48:33 +0900",
      "cooked_beef": "2022-09-05 03:12:17 +0900",
      "beef": "2022-09-04 03:00:04 +0900",
      "porkchop": "2022-09-04 03:44:34 +0900",
      "potato": "2022-09-04 21:39:24 +0900",
      "mutton": "2022-09-04 03:44:39 +0900",
      "bread": "2022-09-05 00:25:42 +0900",
      "rotten_flesh": "2022-09-04 23:01:34 +0900",
      "melon_slice": "2022-09-04 04:08:43 +0900",
      "beetroot": "2022-09-05 02:20:45 +0900",
      "carrot": "2022-09-04 21:22:58 +0900"
    },
    "done": false
  },
  "minecraft:recipes/tools/wooden_hoe": {
    "criteria": {
      "has_stick": "2022-09-04 02:33:53 +0900"
    },
    "done": true
  },
  "mcwbridges:recipes/sandstone_bridge": {
    "criteria": {
      "has_planks": "2022-09-04 22:44:34 +0900"
    },
    "done": true
  },
  "mcwdoors:recipes/jungle": {
    "criteria": {
      "has_planks": "2022-09-14 01:47:16 +0900"
    },
    "done": true
  },
  "mcwroofs:recipes/jungle_planks": {
    "criteria": {
      "has_planks": "2022-09-14 01:47:17 +0900"
    },
    "done": true
  },
  "mcwdoors:recipes/acacia": {
    "criteria": {
      "has_planks": "2022-09-14 01:47:17 +0900"
    },
    "done": true
  },
  "mcwwindows:recipes/parapet/birch_log_parapet": {
    "criteria": {
      "has_planks": "2022-09-14 01:47:16 +0900"
    },
    "done": true
  },
  "mcwwindows:recipes/strip/stripped_crimson_stem_window2": {
    "criteria": {
      "has_planks": "2022-09-14 01:47:17 +0900"
    },
    "done": true
  },
  "minecraft:recipes/misc/bucket": {
    "criteria": {
      "has_iron_ingot": "2022-09-23 00:49:30 +0900"
    },
    "done": true
  },
  "mcwwindows:recipes/windows/warped_stem_window2": {
    "criteria": {
      "has_planks": "2022-09-14 01:47:16 +0900"
    },
    "done": true
  },
  "mcwwindows:recipes/planks/mangrove_plank_window": {
    "criteria": {
      "has_planks": "2022-09-14 01:47:16 +0900"
    },
    "done": true
  },
  "minecraft:recipes/building_blocks/cobblestone_stairs": {
    "criteria": {
      "has_cobblestone": "2022-09-04 02:47:22 +0900"
    },
    "done": true
  },
  "minecraft:recipes/building_blocks/birch_slab": {
    "criteria": {
      "has_planks": "2022-09-04 02:39:17 +0900"
    },
    "done": true
  },
  "mcwbridges:recipes/red_sandstone_bridge_pier": {
    "criteria": {
      "has_planks": "2022-09-04 22:44:34 +0900"
    },
    "done": true
  },
  "minecraft:recipes/decorations/yellow_bed_from_white_bed": {
    "criteria": {
      "has_bed": "2022-09-04 20:13:32 +0900"
    },
    "done": true
  },
  "minecraft:recipes/decorations/granite_wall": {
    "criteria": {
      "has_granite": "2022-09-05 00:25:02 +0900"
    },
    "done": true
  },
  "mcwwindows:recipes/planks/spruce_plank_window2": {
    "criteria": {
      "has_planks": "2022-09-14 01:47:16 +0900"
    },
    "done": true
  },
  "mcwwindows:recipes/planks/warped_planks_window": {
    "criteria": {
      "has_planks": "2022-09-14 01:47:16 +0900"
    },
    "done": true
  },
  "minecraft:recipes/decorations/white_banner": {
    "criteria": {
      "has_white_wool": "2022-09-04 03:40:17 +0900"
    },
    "done": true
  },
  "minecraft:recipes/building_blocks/light_blue_concrete_powder": {
    "criteria": {
      "has_sand": "2022-09-04 02:34:12 +0900"
    },
    "done": true
  },
  "mcwroofs:recipes/crimson_planks": {
    "criteria": {
      "has_planks": "2022-09-14 01:47:16 +0900"
    },
    "done": true
  },
  "minecraft:recipes/building_blocks/deepslate_tiles_from_cobbled_deepslate_stonecutting": {
    "criteria": {
      "has_cobbled_deepslate": "2022-09-23 00:52:03 +0900"
    },
    "done": true
  },
  "mcwwindows:recipes/windows/spruce_window2": {
    "criteria": {
      "has_planks": "2022-09-14 01:47:16 +0900"
    },
    "done": true
  },
  "mcwwindows:recipes/parapet/spruce_log_parapet": {
    "criteria": {
      "has_planks": "2022-09-14 01:47:16 +0900"
    },
    "done": true
  },
  "minecraft:recipes/decorations/mossy_cobblestone_wall": {
    "criteria": {
      "has_mossy_cobblestone": "2022-09-04 21:13:31 +0900"
    },
    "done": true
  },
  "mcwwindows:recipes/windows/spruce_window": {
    "criteria": {
      "has_planks": "2022-09-14 01:47:16 +0900"
    },
    "done": true
  },
  "minecraft:recipes/misc/leather_horse_armor": {
    "criteria": {
      "has_leather": "2022-09-04 03:00:51 +0900"
    },
    "done": true
  },
  "minecraft:recipes/building_blocks/hay_block": {
    "criteria": {
      "has_wheat": "2022-09-05 00:46:09 +0900"
    },
    "done": true
  },
  "minecraft:recipes/building_blocks/glass": {
    "criteria": {
      "has_sand": "2022-09-04 02:34:12 +0900"
    },
    "done": true
  },
  "mcwwindows:recipes/strip/stripped_spruce_log_window": {
    "criteria": {
      "has_planks": "2022-09-14 01:47:16 +0900"
    },
    "done": true
  },
  "minecraft:recipes/combat/iron_helmet": {
    "criteria": {
      "has_iron_ingot": "2022-09-23 00:49:30 +0900"
    },
    "done": true
  },
  "minecraft:recipes/tools/golden_shovel": {
    "criteria": {
      "has_gold_ingot": "2022-09-23 01:14:08 +0900"
    },
    "done": true
  },
  "minecraft:recipes/decorations/mossy_cobblestone_wall_from_mossy_cobblestone_stonecutting": {
    "criteria": {
      "has_mossy_cobblestone": "2022-09-04 21:13:31 +0900"
    },
    "done": true
  },
  "minecraft:recipes/combat/bow": {
    "criteria": {
      "has_string": "2022-09-23 00:59:48 +0900"
    },
    "done": true
  },
  "minecraft:recipes/redstone/oak_fence_gate": {
    "criteria": {
      "has_planks": "2022-09-04 02:45:42 +0900"
    },
    "done": true
  },
  "minecraft:recipes/redstone/tnt": {
    "criteria": {
      "has_gunpowder": "2022-09-04 03:26:17 +0900"
    },
    "done": true
  },
  "minecraft:recipes/food/cooked_chicken_from_smoking": {
    "criteria": {
      "has_chicken": "2022-09-04 04:02:39 +0900"
    },
    "done": true
  },
  "minecraft:recipes/building_blocks/purple_concrete_powder": {
    "criteria": {
      "has_sand": "2022-09-04 02:34:12 +0900"
    },
    "done": true
  },
  "minecraft:husbandry/bred_all_animals": {
    "criteria": {
      "minecraft:pig": "2022-09-05 02:24:51 +0900",
      "minecraft:sheep": "2022-09-05 01:55:04 +0900",
      "minecraft:chicken": "2022-09-05 01:34:49 +0900"
    },
    "done": false
  },
  "minecraft:recipes/decorations/orange_bed_from_white_bed": {
    "criteria": {
      "has_bed": "2022-09-04 20:13:32 +0900"
    },
    "done": true
  },
  "mcwwindows:recipes/planks/dark_oak_plank_window": {
    "criteria": {
      "has_planks": "2022-09-14 01:47:16 +0900"
    },
    "done": true
  },
  "minecraft:recipes/transportation/oak_chest_boat": {
    "criteria": {
      "has_boat": "2022-09-04 20:34:46 +0900"
    },
    "done": true
  },
  "minecraft:story/mine_stone": {
    "criteria": {
      "get_stone": "2022-09-04 02:47:22 +0900"
    },
    "done": true
  },
  "mcwwindows:recipes/stone/granite_window2": {
    "criteria": {
      "has_planks": "2022-09-14 01:47:16 +0900"
    },
    "done": true
  },
  "mcwroofs:recipes/acacia": {
    "criteria": {
      "has_planks": "2022-09-14 01:47:16 +0900"
    },
    "done": true
  },
  "mcwwindows:recipes/windows/mangrove_window2": {
    "criteria": {
      "has_planks": "2022-09-14 01:47:16 +0900"
    },
    "done": true
  },
  "mcwwindows:recipes/gothic/nether_brick_gothic": {
    "criteria": {
      "has_planks": "2022-09-14 01:47:16 +0900"
    },
    "done": true
  },
  "minecraft:recipes/decorations/furnace": {
    "criteria": {
      "has_cobblestone": "2022-09-04 02:47:22 +0900"
    },
    "done": true
  },
  "minecraft:recipes/transportation/minecart": {
    "criteria": {
      "has_iron_ingot": "2022-09-23 00:49:30 +0900"
    },
    "done": true
  },
  "minecraft:recipes/food/beetroot_soup": {
    "criteria": {
      "has_beetroot": "2022-09-05 01:52:52 +0900"
    },
    "done": true
  },
  "minecraft:recipes/misc/charcoal": {
    "criteria": {
      "has_log": "2022-09-04 02:37:21 +0900"
    },
    "done": true
  },
  "minecraft:recipes/building_blocks/andesite_stairs": {
    "criteria": {
      "has_andesite": "2022-09-05 02:57:51 +0900"
    },
    "done": true
  },
  "minecraft:recipes/building_blocks/orange_wool": {
    "criteria": {
      "has_white_wool": "2022-09-04 03:40:17 +0900"
    },
    "done": true
  },
  "minecraft:recipes/tools/wooden_pickaxe": {
    "criteria": {
      "has_stick": "2022-09-04 02:33:53 +0900"
    },
    "done": true
  },
  "mcwwindows:recipes/blinds/warped_blinds": {
    "criteria": {
      "has_planks": "2022-09-14 01:47:16 +0900"
    },
    "done": true
  },
  "minecraft:recipes/tools/iron_hoe": {
    "criteria": {
      "has_iron_ingot": "2022-09-23 00:49:30 +0900"
    },
    "done": true
  },
  "minecraft:recipes/building_blocks/cobbled_deepslate_stairs": {
    "criteria": {
      "has_cobbled_deepslate": "2022-09-23 00:52:03 +0900"
    },
    "done": true
  },
  "minecraft:husbandry/root": {
    "criteria": {
      "consumed_item": "2022-09-04 03:00:04 +0900"
    },
    "done": true
  },
  "minecraft:recipes/transportation/birch_boat": {
    "criteria": {
      "in_water": "2022-09-04 03:16:42 +0900"
    },
    "done": true
  },
  "minecraft:recipes/food/golden_apple": {
    "criteria": {
      "has_gold_ingot": "2022-09-23 01:14:08 +0900"
    },
    "done": true
  },
  "minecraft:recipes/misc/gold_ingot_from_blasting_raw_gold": {
    "criteria": {
      "has_raw_gold": "2022-09-23 01:17:39 +0900"
    },
    "done": true
  },
  "mcwbridges:recipes/dry_bamboo_bridge": {
    "criteria": {
      "has_planks": "2022-09-04 22:44:34 +0900"
    },
    "done": true
  },
  "minecraft:recipes/building_blocks/polished_granite_slab_from_granite_stonecutting": {
    "criteria": {
      "has_granite": "2022-09-05 00:25:02 +0900"
    },
    "done": true
  },
  "minecraft:recipes/building_blocks/green_concrete_powder": {
    "criteria": {
      "has_sand": "2022-09-04 02:34:12 +0900"
    },
    "done": true
  },
  "minecraft:recipes/building_blocks/polished_andesite_from_andesite_stonecutting": {
    "criteria": {
      "has_andesite": "2022-09-05 02:57:51 +0900"
    },
    "done": true
  },
  "minecraft:recipes/building_blocks/cobbled_deepslate_stairs_from_cobbled_deepslate_stonecutting": {
    "criteria": {
      "has_cobbled_deepslate": "2022-09-23 00:52:03 +0900"
    },
    "done": true
  },
  "minecraft:recipes/tools/iron_shovel": {
    "criteria": {
      "has_iron_ingot": "2022-09-23 00:49:30 +0900"
    },
    "done": true
  },
  "mcwwindows:recipes/mosaic_block/cyan_mosaic_glass": {
    "criteria": {
      "has_planks": "2022-09-14 01:47:16 +0900"
    },
    "done": true
  },
  "mcwwindows:recipes/strip/stripped_birch_log_window": {
    "criteria": {
      "has_planks": "2022-09-14 01:47:16 +0900"
    },
    "done": true
  },
  "minecraft:recipes/building_blocks/dark_oak_wood": {
    "criteria": {
      "has_log": "2022-09-04 20:34:22 +0900"
    },
    "done": true
  },
  "mcwbridges:recipes/deepslate_tile_bridge": {
    "criteria": {
      "has_planks": "2022-09-04 22:44:34 +0900"
    },
    "done": true
  },
  "minecraft:recipes/building_blocks/orange_stained_glass": {
    "criteria": {
      "has_glass": "2022-09-04 22:25:00 +0900"
    },
    "done": true
  },
  "mcwwindows:recipes/mosaic_block/light_blue_mosaic_glass": {
    "criteria": {
      "has_planks": "2022-09-14 01:47:16 +0900"
    },
    "done": true
  },
  "minecraft:recipes/decorations/cyan_bed_from_white_bed": {
    "criteria": {
      "has_bed": "2022-09-04 20:13:32 +0900"
    },
    "done": true
  },
  "minecraft:recipes/misc/bowl": {
    "criteria": {
      "has_red_mushroom": "2022-09-04 20:39:59 +0900"
    },
    "done": true
  },
  "minecraft:recipes/food/cooked_salmon_from_campfire_cooking": {
    "criteria": {
      "has_salmon": "2022-09-05 03:24:02 +0900"
    },
    "done": true
  },
  "mcwwindows:recipes/planks/jungle_plank_window": {
    "criteria": {
      "has_planks": "2022-09-14 01:47:16 +0900"
    },
    "done": true
  },
  "minecraft:recipes/decorations/item_frame": {
    "criteria": {
      "has_leather": "2022-09-04 03:00:51 +0900"
    },
    "done": true
  },
  "minecraft:recipes/decorations/lime_bed_from_white_bed": {
    "criteria": {
      "has_bed": "2022-09-04 20:13:32 +0900"
    },
    "done": true
  },
  "mcwbridges:recipes/acacia_log_bridge_stair": {
    "criteria": {
      "has_planks": "2022-09-04 22:44:34 +0900"
    },
    "done": true
  },
  "mcwbridges:recipes/brick_bridge_pier": {
    "criteria": {
      "has_planks": "2022-09-04 22:44:34 +0900"
    },
    "done": true
  },
  "minecraft:recipes/tools/stone_hoe": {
    "criteria": {
      "has_cobblestone": "2022-09-04 02:47:22 +0900"
    },
    "done": true
  },
  "minecraft:recipes/decorations/spruce_fence": {
    "criteria": {
      "has_planks": "2022-09-04 03:41:21 +0900"
    },
    "done": true
  },
  "minecraft:recipes/food/baked_potato_from_smoking": {
    "criteria": {
      "has_potato": "2022-09-04 21:24:23 +0900"
    },
    "done": true
  },
  "minecraft:recipes/transportation/activator_rail": {
    "criteria": {
      "has_rail": "2022-09-05 02:51:57 +0900"
    },
    "done": true
  },
  "mcwbridges:recipes/orange_sandstone_bridge": {
    "criteria": {
      "has_planks": "2022-09-04 22:44:34 +0900"
    },
    "done": true
  },
  "minecraft:story/enter_the_nether": {
    "criteria": {
      "entered_nether": "2022-09-23 01:11:39 +0900"
    },
    "done": true
  },
  "minecraft:recipes/decorations/green_bed_from_white_bed": {
    "criteria": {
      "has_bed": "2022-09-04 20:13:32 +0900"
    },
    "done": true
  },
  "mcwdoors:recipes/metal": {
    "criteria": {
      "has_planks": "2022-09-14 01:47:16 +0900"
    },
    "done": true
  },
  "mcwwindows:recipes/mosaic_block/yellow_mosaic_glass": {
    "criteria": {
      "has_planks": "2022-09-14 01:47:16 +0900"
    },
    "done": true
  },
  "minecraft:recipes/building_blocks/deepslate": {
    "criteria": {
      "has_cobbled_deepslate": "2022-09-23 00:52:03 +0900"
    },
    "done": true
  },
  "minecraft:recipes/building_blocks/granite_slab": {
    "criteria": {
      "has_granite": "2022-09-05 00:25:02 +0900"
    },
    "done": true
  },
  "minecraft:recipes/food/baked_potato": {
    "criteria": {
      "has_potato": "2022-09-04 21:24:23 +0900"
    },
    "done": true
  },
  "minecraft:recipes/decorations/white_carpet": {
    "criteria": {
      "has_white_wool": "2022-09-04 03:40:17 +0900"
    },
    "done": true
  },
  "minecraft:recipes/building_blocks/spruce_stairs": {
    "criteria": {
      "has_planks": "2022-09-04 03:41:21 +0900"
    },
    "done": true
  },
  "mcwbridges:recipes/mangrove_rail_bridge": {
    "criteria": {
      "has_planks": "2022-09-04 22:44:34 +0900"
    },
    "done": true
  },
  "mcwroofs:recipes/granite": {
    "criteria": {
      "has_planks": "2022-09-14 01:47:16 +0900"
    },
    "done": true
  },
  "minecraft:recipes/redstone/birch_door": {
    "criteria": {
      "has_planks": "2022-09-04 02:39:17 +0900"
    },
    "done": true
  },
  "minecraft:recipes/transportation/birch_chest_boat": {
    "criteria": {
      "has_boat": "2022-09-04 20:34:46 +0900"
    },
    "done": true
  },
  "minecraft:recipes/decorations/glass_pane": {
    "criteria": {
      "has_glass": "2022-09-04 22:25:00 +0900"
    },
    "done": true
  },
  "mcwwindows:recipes/windows/crimson_stem_window2": {
    "criteria": {
      "has_planks": "2022-09-14 01:47:17 +0900"
    },
    "done": true
  },
  "minecraft:recipes/misc/gold_ingot_from_nuggets": {
    "criteria": {
      "has_gold_nugget": "2022-09-04 21:25:26 +0900"
    },
    "done": true
  },
  "minecraft:recipes/building_blocks/magenta_stained_glass": {
    "criteria": {
      "has_glass": "2022-09-04 22:25:00 +0900"
    },
    "done": true
  },
  "mcwwindows:recipes/windows/dark_oak_window": {
    "criteria": {
      "has_planks": "2022-09-14 01:47:17 +0900"
    },
    "done": true
  },
  "minecraft:story/upgrade_tools": {
    "criteria": {
      "stone_pickaxe": "2022-09-04 03:59:34 +0900"
    },
    "done": true
  },
  "minecraft:recipes/building_blocks/polished_granite_stairs_from_granite_stonecutting": {
    "criteria": {
      "has_granite": "2022-09-05 00:25:02 +0900"
    },
    "done": true
  },
  "minecraft:recipes/transportation/oak_boat": {
    "criteria": {
      "in_water": "2022-09-04 03:16:42 +0900"
    },
    "done": true
  },
  "mcwroofs:recipes/diorite": {
    "criteria": {
      "has_planks": "2022-09-14 01:47:16 +0900"
    },
    "done": true
  },
  "minecraft:recipes/decorations/birch_fence": {
    "criteria": {
      "has_planks": "2022-09-04 02:39:17 +0900"
    },
    "done": true
  },
  "minecraft:recipes/decorations/blue_bed_from_white_bed": {
    "criteria": {
      "has_bed": "2022-09-04 20:13:32 +0900"
    },
    "done": true
  },
  "mcwbridges:recipes/mossy_stone_bridge_pier": {
    "criteria": {
      "has_planks": "2022-09-04 22:44:34 +0900"
    },
    "done": true
  },
  "mcwbridges:recipes/mangrove_rope_bridge_stair": {
    "criteria": {
      "has_planks": "2022-09-04 22:44:34 +0900"
    },
    "done": true
  },
  "minecraft:recipes/building_blocks/cyan_concrete_powder": {
    "criteria": {
      "has_sand": "2022-09-04 02:34:12 +0900"
    },
    "done": true
  },
  "mcwwindows:recipes/mosaic_block/magenta_mosaic_glass": {
    "criteria": {
      "has_planks": "2022-09-14 01:47:16 +0900"
    },
    "done": true
  },
  "mcwbridges:recipes/deepslate_tile_bridge_pier": {
    "criteria": {
      "has_planks": "2022-09-04 22:44:34 +0900"
    },
    "done": true
  },
  "mcwbridges:recipes/mangrove_log_bridge_stair": {
    "criteria": {
      "has_planks": "2022-09-04 22:44:34 +0900"
    },
    "done": true
  },
  "minecraft:recipes/combat/golden_boots": {
    "criteria": {
      "has_gold_ingot": "2022-09-23 01:14:08 +0900"
    },
    "done": true
  },
  "mcwwindows:recipes/windows/acacia_window2": {
    "criteria": {
      "has_planks": "2022-09-14 01:47:16 +0900"
    },
    "done": true
  },
  "mcwwindows:recipes/mosaic_block/gray_mosaic_glass": {
    "criteria": {
      "has_planks": "2022-09-14 01:47:16 +0900"
    },
    "done": true
  },
  "mcwwindows:recipes/planks/warped_planks_window2": {
    "criteria": {
      "has_planks": "2022-09-14 01:47:16 +0900"
    },
    "done": true
  },
  "minecraft:recipes/tools/wooden_axe": {
    "criteria": {
      "has_stick": "2022-09-04 02:33:53 +0900"
    },
    "done": true
  },
  "minecraft:recipes/building_blocks/lime_wool": {
    "criteria": {
      "has_white_wool": "2022-09-04 03:40:17 +0900"
    },
    "done": true
  },
  "minecraft:recipes/decorations/spruce_sign": {
    "criteria": {
      "has_planks": "2022-09-04 03:41:21 +0900"
    },
    "done": true
  },
  "mcwwindows:recipes/strip/stripped_jungle_log_window": {
    "criteria": {
      "has_planks": "2022-09-14 01:47:16 +0900"
    },
    "done": true
  },
  "mcwwindows:recipes/planks/oak_plank_window2": {
    "criteria": {
      "has_planks": "2022-09-14 01:47:17 +0900"
    },
    "done": true
  },
  "minecraft:recipes/misc/paper": {
    "criteria": {
      "has_reeds": "2022-09-04 20:40:48 +0900"
    },
    "done": true
  },
  "minecraft:recipes/misc/pink_dye_from_peony": {
    "criteria": {
      "has_peony": "2022-09-04 03:51:44 +0900"
    },
    "done": true
  },
  "mcwbridges:recipes/mud_brick_bridge": {
    "criteria": {
      "has_planks": "2022-09-04 22:44:34 +0900"
    },
    "done": true
  },
  "minecraft:recipes/decorations/loom": {
    "criteria": {
      "has_string": "2022-09-23 00:59:48 +0900"
    },
    "done": true
  },
  "minecraft:recipes/building_blocks/green_wool": {
    "criteria": {
      "has_white_wool": "2022-09-04 03:40:17 +0900"
    },
    "done": true
  },
  "mcwbridges:recipes/rope_birch_bridge": {
    "criteria": {
      "has_planks": "2022-09-04 22:44:34 +0900"
    },
    "done": true
  },
  "mcwroofs:recipes/mangrove": {
    "criteria": {
      "has_planks": "2022-09-14 01:47:16 +0900"
    },
    "done": true
  },
  "mcwwindows:recipes/stone/diorite_window2": {
    "criteria": {
      "has_planks": "2022-09-14 01:47:16 +0900"
    },
    "done": true
  },
  "mcwwindows:recipes/parapet/andesite_parapet": {
    "criteria": {
      "has_planks": "2022-09-14 01:47:17 +0900"
    },
    "done": true
  },
  "mcwwindows:recipes/windows/oak_window2": {
    "criteria": {
      "has_planks": "2022-09-14 01:47:16 +0900"
    },
    "done": true
  },
  "mcwbridges:recipes/oak_log_bridge_middle": {
    "criteria": {
      "has_planks": "2022-09-04 22:44:34 +0900"
    },
    "done": true
  },
  "mcwbridges:recipes/crimson_log_bridge_middle": {
    "criteria": {
      "has_planks": "2022-09-04 22:44:34 +0900"
    },
    "done": true
  },
  "minecraft:recipes/building_blocks/brown_wool": {
    "criteria": {
      "has_white_wool": "2022-09-04 03:40:17 +0900"
    },
    "done": true
  },
  "mcwbridges:recipes/rope_mangrove_bridge": {
    "criteria": {
      "has_planks": "2022-09-04 22:44:34 +0900"
    },
    "done": true
  },
  "mcwroofs:recipes/gutters": {
    "criteria": {
      "has_planks": "2022-09-14 01:47:16 +0900"
    },
    "done": true
  },
  "minecraft:recipes/decorations/scaffolding": {
    "criteria": {
      "has_bamboo": "2022-09-04 04:10:52 +0900"
    },
    "done": true
  },
  "mcwbridges:recipes/iron_bridge_pier": {
    "criteria": {
      "has_planks": "2022-09-04 22:44:34 +0900"
    },
    "done": true
  },
  "mcwbridges:recipes/dry_bamboo_bridge_stair": {
    "criteria": {
      "has_planks": "2022-09-04 22:44:34 +0900"
    },
    "done": true
  },
  "mcwwindows:recipes/planks/dark_oak_plank_window2": {
    "criteria": {
      "has_planks": "2022-09-14 01:47:16 +0900"
    },
    "done": true
  },
  "mcwbridges:recipes/pliers": {
    "criteria": {
      "has_planks": "2022-09-04 22:44:34 +0900"
    },
    "done": true
  },
  "mcwwindows:recipes/windows/dark_oak_window2": {
    "criteria": {
      "has_planks": "2022-09-14 01:47:16 +0900"
    },
    "done": true
  },
  "minecraft:recipes/decorations/painting": {
    "criteria": {
      "has_wool": "2022-09-04 03:40:17 +0900"
    },
    "done": true
  },
  "minecraft:recipes/building_blocks/white_stained_glass": {
    "criteria": {
      "has_glass": "2022-09-04 22:25:00 +0900"
    },
    "done": true
  },
  "mcwwindows:recipes/planks/crimson_planks_window2": {
    "criteria": {
      "has_planks": "2022-09-14 01:47:16 +0900"
    },
    "done": true
  },
  "mcwroofs:recipes/cobblestone": {
    "criteria": {
      "has_planks": "2022-09-14 01:47:16 +0900"
    },
    "done": true
  },
  "mcwbridges:recipes/mossy_stone_bridge_stair": {
    "criteria": {
      "has_planks": "2022-09-04 22:44:34 +0900"
    },
    "done": true
  },
  "mcwwindows:recipes/strip/stripped_mangrove_log_window2": {
    "criteria": {
      "has_planks": "2022-09-14 01:47:17 +0900"
    },
    "done": true
  },
  "mcwbridges:recipes/mangrove_bridge_pier": {
    "criteria": {
      "has_planks": "2022-09-04 22:44:34 +0900"
    },
    "done": true
  },
  "minecraft:recipes/misc/nether_brick": {
    "criteria": {
      "has_netherrack": "2022-09-23 01:22:17 +0900"
    },
    "done": true
  },
  "minecraft:recipes/combat/arrow": {
    "criteria": {
      "has_feather": "2022-09-04 04:03:51 +0900"
    },
    "done": true
  },
  "minecraft:recipes/building_blocks/andesite_slab_from_andesite_stonecutting": {
    "criteria": {
      "has_andesite": "2022-09-05 02:57:51 +0900"
    },
    "done": true
  },
  "minecraft:recipes/building_blocks/coal_block": {
    "criteria": {
      "has_coal": "2022-09-04 02:47:47 +0900"
    },
    "done": true
  },
  "minecraft:recipes/redstone/light_weighted_pressure_plate": {
    "criteria": {
      "has_gold_ingot": "2022-09-23 01:14:08 +0900"
    },
    "done": true
  },
  "minecraft:recipes/misc/gold_nugget_from_blasting": {
    "criteria": {
      "has_golden_sword": "2022-09-23 01:14:32 +0900"
    },
    "done": true
  },
  "mcwwindows:recipes/strip/stripped_oak_log_window": {
    "criteria": {
      "has_planks": "2022-09-14 01:47:16 +0900"
    },
    "done": true
  },
  "mcwwindows:recipes/mosaic_block/green_mosaic_glass": {
    "criteria": {
      "has_planks": "2022-09-14 01:47:16 +0900"
    },
    "done": true
  },
  "minecraft:recipes/tools/stone_shovel": {
    "criteria": {
      "has_cobblestone": "2022-09-04 02:47:22 +0900"
    },
    "done": true
  },
  "mcwbridges:recipes/crimson_rope_bridge_stair": {
    "criteria": {
      "has_planks": "2022-09-04 22:44:34 +0900"
    },
    "done": true
  },
  "minecraft:recipes/building_blocks/blue_concrete_powder": {
    "criteria": {
      "has_sand": "2022-09-04 02:34:12 +0900"
    },
    "done": true
  },
  "minecraft:recipes/building_blocks/mossy_cobblestone_slab": {
    "criteria": {
      "has_mossy_cobblestone": "2022-09-04 21:13:31 +0900"
    },
    "done": true
  },
  "mcwwindows:recipes/strip/stripped_birch_log_window2": {
    "criteria": {
      "has_planks": "2022-09-14 01:47:16 +0900"
    },
    "done": true
  },
  "mcwroofs:recipes/warped": {
    "criteria": {
      "has_planks": "2022-09-14 01:47:16 +0900"
    },
    "done": true
  },
  "minecraft:recipes/building_blocks/cyan_stained_glass": {
    "criteria": {
      "has_glass": "2022-09-04 22:25:00 +0900"
    },
    "done": true
  },
  "mcwwindows:recipes/parapet/crimson_stem_parapet": {
    "criteria": {
      "has_planks": "2022-09-14 01:47:16 +0900"
    },
    "done": true
  },
  "minecraft:recipes/building_blocks/spruce_slab": {
    "criteria": {
      "has_planks": "2022-09-04 03:41:21 +0900"
    },
    "done": true
  },
  "minecraft:recipes/building_blocks/granite_slab_from_granite_stonecutting": {
    "criteria": {
      "has_granite": "2022-09-05 00:25:02 +0900"
    },
    "done": true
  },
  "mcwbridges:recipes/bamboo_bridge": {
    "criteria": {
      "has_planks": "2022-09-04 22:44:34 +0900"
    },
    "done": true
  },
  "mcwbridges:recipes/warped_log_bridge_stair": {
    "criteria": {
      "has_planks": "2022-09-04 22:44:34 +0900"
    },
    "done": true
  },
  "mcwbridges:recipes/oak_rope_bridge_stair": {
    "criteria": {
      "has_planks": "2022-09-04 22:44:34 +0900"
    },
    "done": true
  },
  "minecraft:recipes/combat/golden_helmet": {
    "criteria": {
      "has_gold_ingot": "2022-09-23 01:14:08 +0900"
    },
    "done": true
  },
  "mcwbridges:recipes/stone_brick_bridge_stair": {
    "criteria": {
      "has_planks": "2022-09-04 22:44:34 +0900"
    },
    "done": true
  },
  "minecraft:recipes/redstone/oak_pressure_plate": {
    "criteria": {
      "has_planks": "2022-09-04 02:45:42 +0900"
    },
    "done": true
  },
  "mcwwindows:recipes/windows/birch_window": {
    "criteria": {
      "has_planks": "2022-09-14 01:47:16 +0900"
    },
    "done": true
  },
  "minecraft:recipes/building_blocks/polished_deepslate_stairs_from_cobbled_deepslate_stonecutting": {
    "criteria": {
      "has_cobbled_deepslate": "2022-09-23 00:52:03 +0900"
    },
    "done": true
  },
  "mcwbridges:recipes/warped_rope_bridge_stair": {
    "criteria": {
      "has_planks": "2022-09-04 22:44:34 +0900"
    },
    "done": true
  },
  "mcwbridges:recipes/rope_oak_bridge": {
    "criteria": {
      "has_planks": "2022-09-04 22:44:34 +0900"
    },
    "done": true
  },
  "mcwroofs:recipes/crimson": {
    "criteria": {
      "has_planks": "2022-09-14 01:47:16 +0900"
    },
    "done": true
  },
  "minecraft:recipes/building_blocks/oak_wood": {
    "criteria": {
      "has_log": "2022-09-04 02:43:25 +0900"
    },
    "done": true
  },
  "minecraft:recipes/food/cooked_salmon": {
    "criteria": {
      "has_salmon": "2022-09-05 03:24:02 +0900"
    },
    "done": true
  },
  "minecraft:story/root": {
    "criteria": {
      "crafting_table": "2022-09-04 02:35:28 +0900"
    },
    "done": true
  },
  "minecraft:recipes/transportation/spruce_chest_boat": {
    "criteria": {
      "has_boat": "2022-09-04 20:34:46 +0900"
    },
    "done": true
  },
  "mcwroofs:recipes/dark_oak_planks": {
    "criteria": {
      "has_planks": "2022-09-14 01:47:17 +0900"
    },
    "done": true
  },
  "mcwwindows:recipes/parapet/oak_log_parapet": {
    "criteria": {
      "has_planks": "2022-09-14 01:47:16 +0900"
    },
    "done": true
  },
  "mcwwindows:recipes/blinds/crimson_blinds": {
    "criteria": {
      "has_planks": "2022-09-14 01:47:16 +0900"
    },
    "done": true
  },
  "mcwbridges:recipes/birch_log_bridge_stair": {
    "criteria": {
      "has_planks": "2022-09-04 22:44:34 +0900"
    },
    "done": true
  },
  "mcwwindows:recipes/blinds/spruce_blinds": {
    "criteria": {
      "has_planks": "2022-09-14 01:47:16 +0900"
    },
    "done": true
  },
  "minecraft:recipes/combat/leather_chestplate": {
    "criteria": {
      "has_leather": "2022-09-04 03:00:51 +0900"
    },
    "done": true
  },
  "minecraft:recipes/building_blocks/acacia_planks": {
    "criteria": {
      "has_log": "2022-09-04 20:41:35 +0900"
    },
    "done": true
  },
  "mcwwindows:recipes/mosaic_block/white_mosaic_glass": {
    "criteria": {
      "has_planks": "2022-09-14 01:47:17 +0900"
    },
    "done": true
  },
  "mcwwindows:recipes/blinds/oak_blinds": {
    "criteria": {
      "has_planks": "2022-09-14 01:47:16 +0900"
    },
    "done": true
  },
  "minecraft:recipes/redstone/oak_button": {
    "criteria": {
      "has_planks": "2022-09-04 02:45:42 +0900"
    },
    "done": true
  },
  "mcwwindows:recipes/gothic/mud_brick_gothic": {
    "criteria": {
      "has_planks": "2022-09-14 01:47:16 +0900"
    },
    "done": true
  },
  "mcwwindows:recipes/windows/crimson_stem_window": {
    "criteria": {
      "has_planks": "2022-09-14 01:47:16 +0900"
    },
    "done": true
  },
  "minecraft:recipes/building_blocks/polished_andesite": {
    "criteria": {
      "has_andesite": "2022-09-05 02:57:51 +0900"
    },
    "done": true
  },
  "mcwwindows:recipes/windows/oak_window": {
    "criteria": {
      "has_planks": "2022-09-14 01:47:16 +0900"
    },
    "done": true
  },
  "minecraft:recipes/food/cooked_beef": {
    "criteria": {
      "has_beef": "2022-09-04 02:59:52 +0900"
    },
    "done": true
  },
  "minecraft:recipes/redstone/iron_door": {
    "criteria": {
      "has_iron_ingot": "2022-09-23 00:49:30 +0900"
    },
    "done": true
  },
  "mcwdoors:recipes/warped": {
    "criteria": {
      "has_planks": "2022-09-14 01:47:16 +0900"
    },
    "done": true
  },
  "mcwwindows:recipes/parapet/crimson_plank_parapet": {
    "criteria": {
      "has_planks": "2022-09-14 01:47:17 +0900"
    },
    "done": true
  },
  "mcwbridges:recipes/birch_bridge_pier": {
    "criteria": {
      "has_planks": "2022-09-04 22:44:34 +0900"
    },
    "done": true
  },
  "mcwwindows:recipes/arrow/mud_brick_arrow_slit": {
    "criteria": {
      "has_planks": "2022-09-14 01:47:16 +0900"
    },
    "done": true
  },
  "minecraft:recipes/decorations/composter": {
    "criteria": {
      "has_wood_slab": "2022-09-04 22:59:25 +0900"
    },
    "done": true
  },
  "mcwbridges:recipes/oak_rail_bridge": {
    "criteria": {
      "has_planks": "2022-09-04 22:44:34 +0900"
    },
    "done": true
  },
  "minecraft:recipes/misc/copper_ingot_from_smelting_raw_copper": {
    "criteria": {
      "has_raw_copper": "2022-09-04 03:57:03 +0900"
    },
    "done": true
  },
  "mcwwindows:recipes/strip/stripped_oak_log_window2": {
    "criteria": {
      "has_planks": "2022-09-14 01:47:16 +0900"
    },
    "done": true
  },
  "minecraft:recipes/transportation/powered_rail": {
    "criteria": {
      "has_rail": "2022-09-05 02:51:57 +0900"
    },
    "done": true
  },
  "mcwwindows:recipes/windows/jungle_window": {
    "criteria": {
      "has_planks": "2022-09-14 01:47:16 +0900"
    },
    "done": true
  },
  "mcwbridges:recipes/warped_log_bridge_middle": {
    "criteria": {
      "has_planks": "2022-09-04 22:44:34 +0900"
    },
    "done": true
  },
  "minecraft:recipes/redstone/oak_door": {
    "criteria": {
      "has_planks": "2022-09-04 02:45:42 +0900"
    },
    "done": true
  },
  "mcwwindows:recipes/blinds/jungle_blinds": {
    "criteria": {
      "has_planks": "2022-09-14 01:47:16 +0900"
    },
    "done": true
  },
  "minecraft:recipes/transportation/jungle_boat": {
    "criteria": {
      "in_water": "2022-09-04 03:16:42 +0900"
    },
    "done": true
  },
  "mcwbridges:recipes/mud_brick_bridge_pier": {
    "criteria": {
      "has_planks": "2022-09-04 22:44:34 +0900"
    },
    "done": true
  },
  "minecraft:recipes/building_blocks/birch_stairs": {
    "criteria": {
      "has_planks": "2022-09-04 02:39:17 +0900"
    },
    "done": true
  },
  "mcwwindows:recipes/gothic/prismarine_brick_gothic": {
    "criteria": {
      "has_planks": "2022-09-14 01:47:16 +0900"
    },
    "done": true
  },
  "mcwbridges:recipes/stone_brick_bridge": {
    "criteria": {
      "has_planks": "2022-09-04 22:44:34 +0900"
    },
    "done": true
  },
  "mcwroofs:recipes/spruce_planks": {
    "criteria": {
      "has_planks": "2022-09-14 01:47:17 +0900"
    },
    "done": true
  },
  "minecraft:recipes/redstone/heavy_weighted_pressure_plate": {
    "criteria": {
      "has_iron_ingot": "2022-09-23 00:49:30 +0900"
    },
    "done": true
  },
  "minecraft:recipes/transportation/dark_oak_boat": {
    "criteria": {
      "in_water": "2022-09-04 03:16:42 +0900"
    },
    "done": true
  },
  "minecraft:recipes/food/pumpkin_pie": {
    "criteria": {
      "has_pumpkin": "2022-09-04 20:48:13 +0900"
    },
    "done": true
  },
  "minecraft:recipes/transportation/carrot_on_a_stick": {
    "criteria": {
      "has_carrot": "2022-09-04 21:22:47 +0900"
    },
    "done": true
  },
  "minecraft:recipes/building_blocks/pink_wool": {
    "criteria": {
      "has_white_wool": "2022-09-04 03:40:17 +0900"
    },
    "done": true
  },
  "minecraft:recipes/decorations/andesite_wall_from_andesite_stonecutting": {
    "criteria": {
      "has_andesite": "2022-09-05 02:57:51 +0900"
    },
    "done": true
  },
  "mcwroofs:recipes/andesite": {
    "criteria": {
      "has_planks": "2022-09-14 01:47:16 +0900"
    },
    "done": true
  },
  "mcwbridges:recipes/crimson_log_bridge_stair": {
    "criteria": {
      "has_planks": "2022-09-04 22:44:34 +0900"
    },
    "done": true
  },
  "minecraft:recipes/decorations/brown_bed_from_white_bed": {
    "criteria": {
      "has_bed": "2022-09-04 20:13:32 +0900"
    },
    "done": true
  },
  "mcwbridges:recipes/rope_crimson_bridge": {
    "criteria": {
      "has_planks": "2022-09-04 22:44:34 +0900"
    },
    "done": true
  },
  "minecraft:recipes/building_blocks/polished_granite": {
    "criteria": {
      "has_granite": "2022-09-05 00:25:02 +0900"
    },
    "done": true
  },
  "minecraft:husbandry/breed_an_animal": {
    "criteria": {
      "bred": "2022-09-05 01:34:49 +0900"
    },
    "done": true
  },
  "minecraft:recipes/redstone/birch_trapdoor": {
    "criteria": {
      "has_planks": "2022-09-04 02:39:17 +0900"
    },
    "done": true
  },
  "mcwroofs:recipes/bricks": {
    "criteria": {
      "has_planks": "2022-09-14 01:47:16 +0900"
    },
    "done": true
  },
  "minecraft:recipes/combat/golden_leggings": {
    "criteria": {
      "has_gold_ingot": "2022-09-23 01:14:08 +0900"
    },
    "done": true
  },
  "minecraft:husbandry/complete_catalogue": {
    "criteria": {
      "minecraft:red": "2022-09-05 03:26:16 +0900"
    },
    "done": false
  },
  "minecraft:recipes/redstone/spruce_trapdoor": {
    "criteria": {
      "has_planks": "2022-09-04 03:41:21 +0900"
    },
    "done": true
  },
  "mcwbridges:recipes/deepslate_brick_bridge_stair": {
    "criteria": {
      "has_planks": "2022-09-04 22:44:34 +0900"
    },
    "done": true
  },
  "mcwbridges:recipes/acacia_bridge_pier": {
    "criteria": {
      "has_planks": "2022-09-04 22:44:34 +0900"
    },
    "done": true
  },
  "minecraft:recipes/food/cooked_beef_from_campfire_cooking": {
    "criteria": {
      "has_beef": "2022-09-04 02:59:52 +0900"
    },
    "done": true
  },
  "mcwdoors:recipes/crimson": {
    "criteria": {
      "has_planks": "2022-09-14 01:47:16 +0900"
    },
    "done": true
  },
  "mcwroofs:recipes/awning": {
    "criteria": {
      "has_planks": "2022-09-14 01:47:16 +0900"
    },
    "done": true
  },
  "mcwbridges:recipes/crimson_bridge_pier": {
    "criteria": {
      "has_planks": "2022-09-04 22:44:34 +0900"
    },
    "done": true
  },
  "mcwwindows:recipes/strip/stripped_acacia_log_window": {
    "criteria": {
      "has_planks": "2022-09-14 01:47:16 +0900"
    },
    "done": true
  },
  "minecraft:recipes/decorations/soul_campfire": {
    "criteria": {
      "has_stick": "2022-09-04 02:33:53 +0900"
    },
    "done": true
  },
  "mcwdoors:recipes/mangrove": {
    "criteria": {
      "has_planks": "2022-09-14 01:47:16 +0900"
    },
    "done": true
  },
  "minecraft:story/smelt_iron": {
    "criteria": {
      "iron": "2022-09-23 00:49:30 +0900"
    },
    "done": true
  },
  "minecraft:recipes/building_blocks/melon": {
    "criteria": {
      "has_melon": "2022-09-04 04:08:30 +0900"
    },
    "done": true
  },
  "minecraft:recipes/building_blocks/mossy_cobblestone_stairs": {
    "criteria": {
      "has_mossy_cobblestone": "2022-09-04 21:13:31 +0900"
    },
    "done": true
  },
  "mcwbridges:recipes/jungle_bridge_pier": {
    "criteria": {
      "has_planks": "2022-09-04 22:44:34 +0900"
    },
    "done": true
  },
  "mcwbridges:recipes/rope_warped_bridge": {
    "criteria": {
      "has_planks": "2022-09-04 22:44:34 +0900"
    },
    "done": true
  },
  "mcwwindows:recipes/parapet/diorite_parapet": {
    "criteria": {
      "has_planks": "2022-09-14 01:47:16 +0900"
    },
    "done": true
  },
  "minecraft:recipes/building_blocks/pink_stained_glass": {
    "criteria": {
      "has_glass": "2022-09-04 22:25:00 +0900"
    },
    "done": true
  },
  "minecraft:recipes/decorations/light_gray_bed_from_white_bed": {
    "criteria": {
      "has_bed": "2022-09-04 20:13:32 +0900"
    },
    "done": true
  },
  "mcwwindows:recipes/mosaic_block/red_mosaic_glass": {
    "criteria": {
      "has_planks": "2022-09-14 01:47:16 +0900"
    },
    "done": true
  },
  "mcwwindows:recipes/gothic/end_brick_gothic": {
    "criteria": {
      "has_planks": "2022-09-14 01:47:16 +0900"
    },
    "done": true
  },
  "DataVersion": 3120
}