{
  "minecraft:recipes/tools/fishing_rod": {
    "criteria": {
      "has_string": "2022-09-17 02:05:51 +0900"
    },
    "done": true
  },
  "mcwbridges:recipes/mud_brick_bridge_stair": {
    "criteria": {
      "has_planks": "2022-09-14 02:04:32 +0900"
    },
    "done": true
  },
  "mcwwindows:recipes/parapet/acacia_plank_parapet": {
    "criteria": {
      "has_planks": "2022-09-14 02:04:33 +0900"
    },
    "done": true
  },
  "minecraft:recipes/redstone/lever": {
    "criteria": {
      "has_cobblestone": "2022-09-14 02:30:35 +0900"
    },
    "done": true
  },
  "minecraft:nether/obtain_crying_obsidian": {
    "criteria": {
      "crying_obsidian": "2022-09-19 22:50:22 +0900"
    },
    "done": true
  },
  "mcwbridges:recipes/rope_jungle_bridge": {
    "criteria": {
      "has_planks": "2022-09-14 02:04:33 +0900"
    },
    "done": true
  },
  "minecraft:recipes/combat/iron_sword": {
    "criteria": {
      "has_iron_ingot": "2022-09-16 14:01:01 +0900"
    },
    "done": true
  },
  "minecraft:recipes/building_blocks/polished_deepslate": {
    "criteria": {
      "has_cobbled_deepslate": "2022-09-16 14:25:09 +0900"
    },
    "done": true
  },
  "minecraft:recipes/building_blocks/chiseled_deepslate_from_cobbled_deepslate_stonecutting": {
    "criteria": {
      "has_cobbled_deepslate": "2022-09-16 14:25:09 +0900"
    },
    "done": true
  },
  "minecraft:recipes/building_blocks/lime_concrete_powder": {
    "criteria": {
      "has_sand": "2022-09-04 02:34:10 +0900"
    },
    "done": true
  },
  "minecraft:recipes/building_blocks/chiseled_stone_bricks": {
    "criteria": {
      "has_tag": "2022-09-19 22:50:27 +0900"
    },
    "done": true
  },
  "mcwwindows:recipes/stone/granite_window": {
    "criteria": {
      "has_planks": "2022-09-14 02:04:33 +0900"
    },
    "done": true
  },
  "minecraft:recipes/tools/iron_pickaxe": {
    "criteria": {
      "has_iron_ingot": "2022-09-16 14:01:01 +0900"
    },
    "done": true
  },
  "minecraft:recipes/building_blocks/yellow_concrete_powder": {
    "criteria": {
      "has_sand": "2022-09-04 02:34:10 +0900"
    },
    "done": true
  },
  "mcwwindows:recipes/strip/stripped_dark_oak_log_window": {
    "criteria": {
      "has_planks": "2022-09-14 02:04:33 +0900"
    },
    "done": true
  },
  "minecraft:recipes/decorations/crafting_table": {
    "criteria": {
      "has_planks": "2022-09-04 02:46:12 +0900"
    },
    "done": true
  },
  "mcwwindows:recipes/parapet/warped_plank_parapet": {
    "criteria": {
      "has_planks": "2022-09-14 02:04:33 +0900"
    },
    "done": true
  },
  "minecraft:recipes/building_blocks/copper_block": {
    "criteria": {
      "has_copper_ingot": "2022-09-16 14:19:24 +0900"
    },
    "done": true
  },
  "mcwwindows:recipes/windows/warped_stem_window": {
    "criteria": {
      "has_planks": "2022-09-14 02:04:33 +0900"
    },
    "done": true
  },
  "minecraft:recipes/decorations/ladder": {
    "criteria": {
      "has_stick": "2022-09-04 02:35:43 +0900"
    },
    "done": true
  },
  "mcwroofs:recipes/birch_planks": {
    "criteria": {
      "has_planks": "2022-09-14 02:04:32 +0900"
    },
    "done": true
  },
  "minecraft:recipes/decorations/chest": {
    "criteria": {
      "has_lots_of_items": "2022-09-04 02:46:39 +0900"
    },
    "done": true
  },
  "mcwwindows:recipes/stone/stone_window2": {
    "criteria": {
      "has_planks": "2022-09-14 02:04:32 +0900"
    },
    "done": true
  },
  "minecraft:recipes/combat/golden_sword": {
    "criteria": {
      "has_gold_ingot": "2022-09-17 02:33:42 +0900"
    },
    "done": true
  },
  "minecraft:recipes/building_blocks/cobbled_deepslate_slab": {
    "criteria": {
      "has_cobbled_deepslate": "2022-09-16 14:25:09 +0900"
    },
    "done": true
  },
  "minecraft:recipes/transportation/mangrove_boat": {
    "criteria": {
      "in_water": "2022-09-04 02:31:17 +0900"
    },
    "done": true
  },
  "minecraft:recipes/tools/wooden_shovel": {
    "criteria": {
      "has_stick": "2022-09-04 02:35:43 +0900"
    },
    "done": true
  },
  "mcwdoors:recipes/dark_oak": {
    "criteria": {
      "has_planks": "2022-09-14 02:04:33 +0900"
    },
    "done": true
  },
  "minecraft:recipes/decorations/torch": {
    "criteria": {
      "has_stone_pickaxe": "2022-09-16 13:49:40 +0900"
    },
    "done": true
  },
  "mcwroofs:recipes/dark_oak": {
    "criteria": {
      "has_planks": "2022-09-14 02:04:33 +0900"
    },
    "done": true
  },
  "minecraft:recipes/tools/shears": {
    "criteria": {
      "has_iron_ingot": "2022-09-16 14:01:01 +0900"
    },
    "done": true
  },
  "minecraft:recipes/misc/stick": {
    "criteria": {
      "has_planks": "2022-09-04 02:46:12 +0900"
    },
    "done": true
  },
  "mcwdoors:recipes/spruce": {
    "criteria": {
      "has_planks": "2022-09-14 02:04:33 +0900"
    },
    "done": true
  },
  "minecraft:recipes/building_blocks/mossy_cobblestone_slab_from_mossy_cobblestone_stonecutting": {
    "criteria": {
      "has_mossy_cobblestone": "2022-09-21 23:42:49 +0900"
    },
    "done": true
  },
  "mcwroofs:recipes/spruce": {
    "criteria": {
      "has_planks": "2022-09-14 02:04:33 +0900"
    },
    "done": true
  },
  "minecraft:recipes/redstone/dispenser": {
    "criteria": {
      "has_bow": "2022-09-17 02:56:16 +0900"
    },
    "done": true
  },
  "mcwbridges:recipes/oak_log_bridge_stair": {
    "criteria": {
      "has_planks": "2022-09-14 02:04:33 +0900"
    },
    "done": true
  },
  "minecraft:recipes/food/cake": {
    "criteria": {
      "has_egg": "2022-09-16 13:32:43 +0900"
    },
    "done": true
  },
  "minecraft:recipes/transportation/detector_rail": {
    "criteria": {
      "has_rail": "2022-09-17 02:14:43 +0900"
    },
    "done": true
  },
  "mcwwindows:recipes/parapet/dark_oak_log_parapet": {
    "criteria": {
      "has_planks": "2022-09-14 02:04:33 +0900"
    },
    "done": true
  },
  "minecraft:recipes/combat/iron_leggings": {
    "criteria": {
      "has_iron_ingot": "2022-09-16 14:01:01 +0900"
    },
    "done": true
  },
  "minecraft:recipes/combat/shield": {
    "criteria": {
      "has_iron_ingot": "2022-09-16 14:01:01 +0900"
    },
    "done": true
  },
  "minecraft:recipes/building_blocks/cobblestone_slab": {
    "criteria": {
      "has_cobblestone": "2022-09-14 02:30:35 +0900"
    },
    "done": true
  },
  "minecraft:recipes/redstone/hopper": {
    "criteria": {
      "has_iron_ingot": "2022-09-16 14:01:01 +0900"
    },
    "done": true
  },
  "minecraft:recipes/building_blocks/deepslate_tiles_from_polished_deepslate_stonecutting": {
    "criteria": {
      "has_polished_deepslate": "2022-09-16 21:41:14 +0900"
    },
    "done": true
  },
  "minecraft:recipes/decorations/cobbled_deepslate_wall_from_cobbled_deepslate_stonecutting": {
    "criteria": {
      "has_cobbled_deepslate": "2022-09-16 14:25:09 +0900"
    },
    "done": true
  },
  "mcwbridges:recipes/iron_bridge": {
    "criteria": {
      "has_planks": "2022-09-14 02:04:32 +0900"
    },
    "done": true
  },
  "minecraft:recipes/building_blocks/coarse_dirt": {
    "criteria": {
      "has_gravel": "2022-09-16 14:24:41 +0900"
    },
    "done": true
  },
  "minecraft:recipes/building_blocks/deepslate_tiles_from_deepslate_bricks_stonecutting": {
    "criteria": {
      "has_deepslate_bricks": "2022-09-24 01:39:16 +0900"
    },
    "done": true
  },
  "mcwwindows:recipes/planks/mangrove_plank_window2": {
    "criteria": {
      "has_planks": "2022-09-14 02:04:33 +0900"
    },
    "done": true
  },
  "minecraft:recipes/building_blocks/deepslate_brick_slab_from_polished_deepslate_stonecutting": {
    "criteria": {
      "has_polished_deepslate": "2022-09-16 21:41:14 +0900"
    },
    "done": true
  },
  "minecraft:recipes/building_blocks/mossy_cobblestone_stairs_from_mossy_cobblestone_stonecutting": {
    "criteria": {
      "has_mossy_cobblestone": "2022-09-21 23:42:49 +0900"
    },
    "done": true
  },
  "minecraft:recipes/transportation/jungle_chest_boat": {
    "criteria": {
      "has_boat": "2022-09-14 02:06:43 +0900"
    },
    "done": true
  },
  "mcwwindows:recipes/blinds/acacia_blinds": {
    "criteria": {
      "has_planks": "2022-09-14 02:04:33 +0900"
    },
    "done": true
  },
  "mcwbridges:recipes/bamboo_bridge_stair": {
    "criteria": {
      "has_planks": "2022-09-14 02:04:33 +0900"
    },
    "done": true
  },
  "minecraft:recipes/building_blocks/deepslate_tile_stairs_from_cobbled_deepslate_stonecutting": {
    "criteria": {
      "has_cobbled_deepslate": "2022-09-16 14:25:09 +0900"
    },
    "done": true
  },
  "minecraft:recipes/building_blocks/light_gray_concrete_powder": {
    "criteria": {
      "has_sand": "2022-09-04 02:34:10 +0900"
    },
    "done": true
  },
  "minecraft:recipes/misc/gold_ingot_from_smelting_raw_gold": {
    "criteria": {
      "has_raw_gold": "2022-09-16 14:28:40 +0900"
    },
    "done": true
  },
  "minecraft:recipes/building_blocks/pink_concrete_powder": {
    "criteria": {
      "has_sand": "2022-09-04 02:34:10 +0900"
    },
    "done": true
  },
  "mcwbridges:recipes/jungle_rope_bridge_stair": {
    "criteria": {
      "has_planks": "2022-09-14 02:04:33 +0900"
    },
    "done": true
  },
  "minecraft:recipes/building_blocks/andesite_stairs_from_andesite_stonecutting": {
    "criteria": {
      "has_andesite": "2022-09-16 13:48:01 +0900"
    },
    "done": true
  },
  "minecraft:recipes/decorations/iron_bars": {
    "criteria": {
      "has_iron_ingot": "2022-09-16 14:01:01 +0900"
    },
    "done": true
  },
  "minecraft:recipes/transportation/acacia_chest_boat": {
    "criteria": {
      "has_boat": "2022-09-14 02:06:43 +0900"
    },
    "done": true
  },
  "minecraft:recipes/building_blocks/gold_block": {
    "criteria": {
      "has_gold_ingot": "2022-09-17 02:33:42 +0900"
    },
    "done": true
  },
  "minecraft:recipes/decorations/deepslate_brick_wall_from_deepslate_bricks_stonecutting": {
    "criteria": {
      "has_deepslate_bricks": "2022-09-24 01:39:16 +0900"
    },
    "done": true
  },
  "minecraft:story/obtain_armor": {
    "criteria": {
      "iron_leggings": "2022-09-16 14:38:33 +0900"
    },
    "done": true
  },
  "mcwbridges:recipes/mossy_stone_brick_bridge": {
    "criteria": {
      "has_planks": "2022-09-14 02:04:33 +0900"
    },
    "done": true
  },
  "minecraft:recipes/decorations/deepslate_brick_wall_from_cobbled_deepslate_stonecutting": {
    "criteria": {
      "has_cobbled_deepslate": "2022-09-16 14:25:09 +0900"
    },
    "done": true
  },
  "minecraft:recipes/brewing/cauldron": {
    "criteria": {
      "has_water_bucket": "2022-09-16 14:42:20 +0900"
    },
    "done": true
  },
  "minecraft:recipes/building_blocks/deepslate_tile_stairs_from_deepslate_tiles_stonecutting": {
    "criteria": {
      "has_deepslate_tiles": "2022-09-21 22:39:44 +0900"
    },
    "done": true
  },
  "minecraft:recipes/combat/diamond_leggings": {
    "criteria": {
      "has_diamond": "2022-09-16 15:03:26 +0900"
    },
    "done": true
  },
  "minecraft:recipes/building_blocks/sandstone": {
    "criteria": {
      "has_sand": "2022-09-04 02:34:10 +0900"
    },
    "done": true
  },
  "minecraft:adventure/sleep_in_bed": {
    "criteria": {
      "slept_in_bed": "2022-09-16 13:50:56 +0900"
    },
    "done": true
  },
  "minecraft:story/lava_bucket": {
    "criteria": {
      "lava_bucket": "2022-09-16 14:03:07 +0900"
    },
    "done": true
  },
  "minecraft:recipes/building_blocks/cobblestone_slab_from_cobblestone_stonecutting": {
    "criteria": {
      "has_cobblestone": "2022-09-14 02:30:35 +0900"
    },
    "done": true
  },
  "mcwroofs:recipes/acacia_planks": {
    "criteria": {
      "has_planks": "2022-09-14 02:04:33 +0900"
    },
    "done": true
  },
  "mcwwindows:recipes/strip/stripped_spruce_log_window2": {
    "criteria": {
      "has_planks": "2022-09-14 02:04:33 +0900"
    },
    "done": true
  },
  "minecraft:recipes/building_blocks/oak_stairs": {
    "criteria": {
      "has_planks": "2022-09-14 02:06:30 +0900"
    },
    "done": true
  },
  "mcwbridges:recipes/deepslate_tile_bridge_stair": {
    "criteria": {
      "has_planks": "2022-09-14 02:04:33 +0900"
    },
    "done": true
  },
  "minecraft:recipes/building_blocks/polished_andesite_slab_from_andesite_stonecutting": {
    "criteria": {
      "has_andesite": "2022-09-16 13:48:01 +0900"
    },
    "done": true
  },
  "minecraft:recipes/transportation/acacia_boat": {
    "criteria": {
      "in_water": "2022-09-04 02:31:17 +0900"
    },
    "done": true
  },
  "mcwwindows:recipes/parapet/birch_plank_parapet": {
    "criteria": {
      "has_planks": "2022-09-14 02:04:33 +0900"
    },
    "done": true
  },
  "minecraft:recipes/misc/copper_ingot_from_blasting_raw_copper": {
    "criteria": {
      "has_raw_copper": "2022-09-16 13:52:37 +0900"
    },
    "done": true
  },
  "minecraft:recipes/redstone/iron_trapdoor": {
    "criteria": {
      "has_iron_ingot": "2022-09-16 14:01:01 +0900"
    },
    "done": true
  },
  "minecraft:recipes/decorations/birch_sign": {
    "criteria": {
      "has_planks": "2022-09-04 02:46:12 +0900"
    },
    "done": true
  },
  "mcwwindows:recipes/parapet/warped_stem_parapet": {
    "criteria": {
      "has_planks": "2022-09-14 02:04:33 +0900"
    },
    "done": true
  },
  "minecraft:adventure/root": {
    "criteria": {
      "killed_by_something": "2022-09-04 02:31:58 +0900"
    },
    "done": true
  },
  "minecraft:recipes/transportation/dark_oak_chest_boat": {
    "criteria": {
      "has_boat": "2022-09-14 02:06:43 +0900"
    },
    "done": true
  },
  "mcwbridges:recipes/jungle_log_bridge_middle": {
    "criteria": {
      "has_planks": "2022-09-14 02:04:33 +0900"
    },
    "done": true
  },
  "mcwbridges:recipes/dry_bamboo_bridge_pier": {
    "criteria": {
      "has_planks": "2022-09-14 02:04:33 +0900"
    },
    "done": true
  },
  "mcwbridges:recipes/blackstone_bridge_stair": {
    "criteria": {
      "has_planks": "2022-09-14 02:04:33 +0900"
    },
    "done": true
  },
  "minecraft:recipes/building_blocks/white_concrete_powder": {
    "criteria": {
      "has_sand": "2022-09-04 02:34:10 +0900"
    },
    "done": true
  },
  "mcwbridges:recipes/brick_bridge_stair": {
    "criteria": {
      "has_planks": "2022-09-14 02:04:33 +0900"
    },
    "done": true
  },
  "mcwbridges:recipes/dark_oak_bridge_pier": {
    "criteria": {
      "has_planks": "2022-09-14 02:04:33 +0900"
    },
    "done": true
  },
  "minecraft:recipes/decorations/polished_deepslate_wall": {
    "criteria": {
      "has_polished_deepslate": "2022-09-16 21:41:14 +0900"
    },
    "done": true
  },
  "mcwwindows:recipes/arrow/cobblestone_arrow_slit": {
    "criteria": {
      "has_planks": "2022-09-14 02:04:33 +0900"
    },
    "done": true
  },
  "minecraft:recipes/building_blocks/white_wool_from_string": {
    "criteria": {
      "has_string": "2022-09-17 02:05:51 +0900"
    },
    "done": true
  },
  "mcwbridges:recipes/sandstone_bridge_pier": {
    "criteria": {
      "has_planks": "2022-09-14 02:04:33 +0900"
    },
    "done": true
  },
  "minecraft:recipes/tools/diamond_pickaxe": {
    "criteria": {
      "has_diamond": "2022-09-16 15:03:26 +0900"
    },
    "done": true
  },
  "minecraft:recipes/redstone/lightning_rod": {
    "criteria": {
      "has_copper_ingot": "2022-09-16 14:19:24 +0900"
    },
    "done": true
  },
  "minecraft:recipes/building_blocks/deepslate_tile_slab_from_deepslate_tiles_stonecutting": {
    "criteria": {
      "has_deepslate_tiles": "2022-09-21 22:39:44 +0900"
    },
    "done": true
  },
  "mcwbridges:recipes/dark_oak_log_bridge_stair": {
    "criteria": {
      "has_planks": "2022-09-14 02:04:33 +0900"
    },
    "done": true
  },
  "minecraft:adventure/kill_all_mobs": {
    "criteria": {
      "minecraft:skeleton": "2022-09-16 13:38:13 +0900",
      "minecraft:spider": "2022-09-17 02:05:50 +0900",
      "minecraft:zombie": "2022-09-04 02:37:19 +0900"
    },
    "done": false
  },
  "mcwwindows:recipes/arrow/ender_brick_arrow_slit": {
    "criteria": {
      "has_planks": "2022-09-14 02:04:33 +0900"
    },
    "done": true
  },
  "mcwbridges:recipes/jungle_log_bridge_stair": {
    "criteria": {
      "has_planks": "2022-09-14 02:04:33 +0900"
    },
    "done": true
  },
  "minecraft:recipes/building_blocks/birch_wood": {
    "criteria": {
      "has_log": "2022-09-04 02:39:31 +0900"
    },
    "done": true
  },
  "mcwbridges:recipes/deepslate_brick_bridge": {
    "criteria": {
      "has_planks": "2022-09-14 02:04:33 +0900"
    },
    "done": true
  },
  "minecraft:recipes/redstone/redstone_block": {
    "criteria": {
      "has_redstone": "2022-09-16 14:11:51 +0900"
    },
    "done": true
  },
  "minecraft:recipes/building_blocks/polished_deepslate_from_cobbled_deepslate_stonecutting": {
    "criteria": {
      "has_cobbled_deepslate": "2022-09-16 14:25:09 +0900"
    },
    "done": true
  },
  "mcwwindows:recipes/stone/stone_window": {
    "criteria": {
      "has_planks": "2022-09-14 02:04:33 +0900"
    },
    "done": true
  },
  "minecraft:recipes/decorations/stone_brick_wall": {
    "criteria": {
      "has_stone_bricks": "2022-09-19 22:50:27 +0900"
    },
    "done": true
  },
  "minecraft:recipes/decorations/fletching_table": {
    "criteria": {
      "has_flint": "2022-09-16 18:31:10 +0900"
    },
    "done": true
  },
  "minecraft:recipes/misc/iron_nugget_from_smelting": {
    "criteria": {
      "has_iron_pickaxe": "2022-09-16 14:06:50 +0900"
    },
    "done": true
  },
  "minecraft:recipes/building_blocks/polished_deepslate_slab_from_cobbled_deepslate_stonecutting": {
    "criteria": {
      "has_cobbled_deepslate": "2022-09-16 14:25:09 +0900"
    },
    "done": true
  },
  "minecraft:recipes/building_blocks/deepslate_bricks": {
    "criteria": {
      "has_polished_deepslate": "2022-09-16 21:41:14 +0900"
    },
    "done": true
  },
  "minecraft:recipes/building_blocks/deepslate_brick_slab": {
    "criteria": {
      "has_deepslate_bricks": "2022-09-24 01:39:16 +0900"
    },
    "done": true
  },
  "mcwroofs:recipes/warped_planks": {
    "criteria": {
      "has_planks": "2022-09-14 02:04:33 +0900"
    },
    "done": true
  },
  "mcwwindows:recipes/windows/mangrove_window": {
    "criteria": {
      "has_planks": "2022-09-14 02:04:33 +0900"
    },
    "done": true
  },
  "minecraft:recipes/decorations/granite_wall_from_granite_stonecutting": {
    "criteria": {
      "has_granite": "2022-09-16 14:43:58 +0900"
    },
    "done": true
  },
  "minecraft:recipes/decorations/chain": {
    "criteria": {
      "has_iron_ingot": "2022-09-16 14:01:01 +0900"
    },
    "done": true
  },
  "minecraft:recipes/misc/blue_dye": {
    "criteria": {
      "has_lapis_lazuli": "2022-09-16 13:57:03 +0900"
    },
    "done": true
  },
  "minecraft:recipes/decorations/oak_fence": {
    "criteria": {
      "has_planks": "2022-09-14 02:06:30 +0900"
    },
    "done": true
  },
  "mcwwindows:recipes/blinds/dark_oak_blinds": {
    "criteria": {
      "has_planks": "2022-09-14 02:04:32 +0900"
    },
    "done": true
  },
  "mcwroofs:recipes/red_sandstone": {
    "criteria": {
      "has_planks": "2022-09-14 02:04:33 +0900"
    },
    "done": true
  },
  "minecraft:recipes/building_blocks/orange_concrete_powder": {
    "criteria": {
      "has_sand": "2022-09-04 02:34:10 +0900"
    },
    "done": true
  },
  "minecraft:recipes/building_blocks/oak_slab": {
    "criteria": {
      "has_planks": "2022-09-14 02:06:30 +0900"
    },
    "done": true
  },
  "mcwroofs:recipes/sandstone": {
    "criteria": {
      "has_planks": "2022-09-14 02:04:33 +0900"
    },
    "done": true
  },
  "mcwwindows:recipes/strip/stripped_mangrove_log_window": {
    "criteria": {
      "has_planks": "2022-09-14 02:04:33 +0900"
    },
    "done": true
  },
  "mcwbridges:recipes/warped_bridge_pier": {
    "criteria": {
      "has_planks": "2022-09-14 02:04:33 +0900"
    },
    "done": true
  },
  "mcwbridges:recipes/sandstone_bridge_stair": {
    "criteria": {
      "has_planks": "2022-09-14 02:04:33 +0900"
    },
    "done": true
  },
  "minecraft:recipes/building_blocks/raw_copper_block": {
    "criteria": {
      "has_raw_copper": "2022-09-16 13:52:37 +0900"
    },
    "done": true
  },
  "mcwbridges:recipes/acacia_log_bridge_middle": {
    "criteria": {
      "has_planks": "2022-09-14 02:04:33 +0900"
    },
    "done": true
  },
  "minecraft:recipes/building_blocks/granite_stairs": {
    "criteria": {
      "has_granite": "2022-09-16 14:43:58 +0900"
    },
    "done": true
  },
  "mcwwindows:recipes/strip/stripped_crimson_stem_window": {
    "criteria": {
      "has_planks": "2022-09-14 02:04:33 +0900"
    },
    "done": true
  },
  "mcwbridges:recipes/spruce_log_bridge_stair": {
    "criteria": {
      "has_planks": "2022-09-14 02:04:33 +0900"
    },
    "done": true
  },
  "mcwroofs:recipes/terracotta": {
    "criteria": {
      "has_planks": "2022-09-14 02:04:33 +0900"
    },
    "done": true
  },
  "mcwbridges:recipes/jungle_rail_bridge": {
    "criteria": {
      "has_planks": "2022-09-14 02:04:33 +0900"
    },
    "done": true
  },
  "mcwwindows:recipes/parapet/oak_plank_parapet": {
    "criteria": {
      "has_planks": "2022-09-14 02:04:33 +0900"
    },
    "done": true
  },
  "minecraft:recipes/combat/golden_chestplate": {
    "criteria": {
      "has_gold_ingot": "2022-09-17 02:33:42 +0900"
    },
    "done": true
  },
  "mcwwindows:recipes/mosaic_block/pink_mosaic_glass": {
    "criteria": {
      "has_planks": "2022-09-14 02:04:33 +0900"
    },
    "done": true
  },
  "mcwwindows:recipes/blinds/mangrove_blinds": {
    "criteria": {
      "has_planks": "2022-09-14 02:04:33 +0900"
    },
    "done": true
  },
  "minecraft:recipes/decorations/polished_deepslate_wall_from_polished_deepslate_stonecutting": {
    "criteria": {
      "has_polished_deepslate": "2022-09-16 21:41:14 +0900"
    },
    "done": true
  },
  "minecraft:recipes/decorations/deepslate_tile_wall_from_cobbled_deepslate_stonecutting": {
    "criteria": {
      "has_cobbled_deepslate": "2022-09-16 14:25:09 +0900"
    },
    "done": true
  },
  "minecraft:recipes/misc/iron_ingot_from_blasting_raw_iron": {
    "criteria": {
      "has_raw_iron": "2022-09-16 13:53:35 +0900"
    },
    "done": true
  },
  "mcwbridges:recipes/spruce_bridge_pier": {
    "criteria": {
      "has_planks": "2022-09-14 02:04:33 +0900"
    },
    "done": true
  },
  "mcwwindows:recipes/blinds/birch_blinds": {
    "criteria": {
      "has_planks": "2022-09-14 02:04:33 +0900"
    },
    "done": true
  },
  "minecraft:recipes/building_blocks/diorite_stairs_from_diorite_stonecutting": {
    "criteria": {
      "has_diorite": "2022-09-14 02:30:58 +0900"
    },
    "done": true
  },
  "mcwwindows:recipes/planks/birch_plank_window2": {
    "criteria": {
      "has_planks": "2022-09-14 02:04:33 +0900"
    },
    "done": true
  },
  "minecraft:recipes/redstone/birch_button": {
    "criteria": {
      "has_planks": "2022-09-04 02:46:12 +0900"
    },
    "done": true
  },
  "minecraft:recipes/building_blocks/iron_block": {
    "criteria": {
      "has_iron_ingot": "2022-09-16 14:01:01 +0900"
    },
    "done": true
  },
  "mcwbridges:recipes/oak_bridge_pier": {
    "criteria": {
      "has_planks": "2022-09-14 02:04:33 +0900"
    },
    "done": true
  },
  "minecraft:recipes/misc/red_dye_from_poppy": {
    "criteria": {
      "has_poppy": "2022-09-17 02:37:58 +0900"
    },
    "done": true
  },
  "mcwwindows:recipes/parapet/acacia_log_parapet": {
    "criteria": {
      "has_planks": "2022-09-14 02:04:33 +0900"
    },
    "done": true
  },
  "minecraft:recipes/misc/yellow_dye_from_dandelion": {
    "criteria": {
      "has_dandelion": "2022-09-14 02:17:09 +0900"
    },
    "done": true
  },
  "minecraft:recipes/combat/wooden_sword": {
    "criteria": {
      "has_stick": "2022-09-04 02:35:43 +0900"
    },
    "done": true
  },
  "mcwwindows:recipes/arrow/nether_brick_arrow_slit": {
    "criteria": {
      "has_planks": "2022-09-14 02:04:33 +0900"
    },
    "done": true
  },
  "minecraft:recipes/building_blocks/oak_planks": {
    "criteria": {
      "has_logs": "2022-09-04 02:43:20 +0900"
    },
    "done": true
  },
  "mcwwindows:recipes/parapet/spruce_plank_parapet": {
    "criteria": {
      "has_planks": "2022-09-14 02:04:33 +0900"
    },
    "done": true
  },
  "minecraft:recipes/building_blocks/gray_concrete_powder": {
    "criteria": {
      "has_sand": "2022-09-04 02:34:10 +0900"
    },
    "done": true
  },
  "mcwbridges:recipes/crimson_rail_bridge": {
    "criteria": {
      "has_planks": "2022-09-14 02:04:33 +0900"
    },
    "done": true
  },
  "mcwbridges:recipes/dark_oak_log_bridge_middle": {
    "criteria": {
      "has_planks": "2022-09-14 02:04:33 +0900"
    },
    "done": true
  },
  "minecraft:recipes/tools/golden_axe": {
    "criteria": {
      "has_gold_ingot": "2022-09-17 02:33:42 +0900"
    },
    "done": true
  },
  "minecraft:recipes/tools/iron_axe": {
    "criteria": {
      "has_iron_ingot": "2022-09-16 14:01:01 +0900"
    },
    "done": true
  },
  "minecraft:recipes/transportation/mangrove_chest_boat": {
    "criteria": {
      "has_boat": "2022-09-14 02:06:43 +0900"
    },
    "done": true
  },
  "minecraft:recipes/building_blocks/deepslate_bricks_from_polished_deepslate_stonecutting": {
    "criteria": {
      "has_polished_deepslate": "2022-09-16 21:41:14 +0900"
    },
    "done": true
  },
  "minecraft:recipes/decorations/deepslate_tile_wall_from_deepslate_bricks_stonecutting": {
    "criteria": {
      "has_deepslate_bricks": "2022-09-24 01:39:16 +0900"
    },
    "done": true
  },
  "mcwbridges:recipes/warped_rail_bridge": {
    "criteria": {
      "has_planks": "2022-09-14 02:04:33 +0900"
    },
    "done": true
  },
  "minecraft:recipes/redstone/tripwire_hook": {
    "criteria": {
      "has_string": "2022-09-17 02:05:51 +0900"
    },
    "done": true
  },
  "minecraft:recipes/decorations/deepslate_tile_wall": {
    "criteria": {
      "has_deepslate_tiles": "2022-09-21 22:39:44 +0900"
    },
    "done": true
  },
  "minecraft:recipes/building_blocks/raw_gold_block": {
    "criteria": {
      "has_raw_gold": "2022-09-16 14:28:40 +0900"
    },
    "done": true
  },
  "mcwbridges:recipes/birch_log_bridge_middle": {
    "criteria": {
      "has_planks": "2022-09-14 02:04:33 +0900"
    },
    "done": true
  },
  "minecraft:recipes/combat/iron_boots": {
    "criteria": {
      "has_iron_ingot": "2022-09-16 14:01:01 +0900"
    },
    "done": true
  },
  "mcwbridges:recipes/blackstone_bridge": {
    "criteria": {
      "has_planks": "2022-09-14 02:04:33 +0900"
    },
    "done": true
  },
  "minecraft:recipes/misc/bone_meal": {
    "criteria": {
      "has_bone": "2022-09-16 13:38:13 +0900"
    },
    "done": true
  },
  "minecraft:recipes/building_blocks/birch_planks": {
    "criteria": {
      "has_logs": "2022-09-04 02:39:31 +0900"
    },
    "done": true
  },
  "mcwwindows:recipes/mosaic_block/lime_mosaic_glass": {
    "criteria": {
      "has_planks": "2022-09-14 02:04:33 +0900"
    },
    "done": true
  },
  "minecraft:recipes/building_blocks/black_concrete_powder": {
    "criteria": {
      "has_sand": "2022-09-04 02:34:10 +0900"
    },
    "done": true
  },
  "mcwbridges:recipes/rope_dark_oak_bridge": {
    "criteria": {
      "has_planks": "2022-09-14 02:04:33 +0900"
    },
    "done": true
  },
  "minecraft:story/iron_tools": {
    "criteria": {
      "iron_pickaxe": "2022-09-16 14:06:50 +0900"
    },
    "done": true
  },
  "minecraft:recipes/building_blocks/deepslate_tile_stairs_from_deepslate_bricks_stonecutting": {
    "criteria": {
      "has_deepslate_bricks": "2022-09-24 01:39:16 +0900"
    },
    "done": true
  },
  "minecraft:recipes/redstone/birch_fence_gate": {
    "criteria": {
      "has_planks": "2022-09-04 02:46:12 +0900"
    },
    "done": true
  },
  "mcwwindows:recipes/mosaic_block/brown_mosaic_glass": {
    "criteria": {
      "has_planks": "2022-09-14 02:04:33 +0900"
    },
    "done": true
  },
  "mcwwindows:recipes/windows/jungle_window2": {
    "criteria": {
      "has_planks": "2022-09-14 02:04:33 +0900"
    },
    "done": true
  },
  "minecraft:recipes/combat/crossbow": {
    "criteria": {
      "has_stick": "2022-09-04 02:35:43 +0900"
    },
    "done": true
  },
  "mcwwindows:recipes/planks/acacia_plank_window2": {
    "criteria": {
      "has_planks": "2022-09-14 02:04:33 +0900"
    },
    "done": true
  },
  "minecraft:recipes/combat/iron_chestplate": {
    "criteria": {
      "has_iron_ingot": "2022-09-16 14:01:01 +0900"
    },
    "done": true
  },
  "minecraft:recipes/decorations/cobbled_deepslate_wall": {
    "criteria": {
      "has_cobbled_deepslate": "2022-09-16 14:25:09 +0900"
    },
    "done": true
  },
  "mcwwindows:recipes/planks/jungle_plank_window2": {
    "criteria": {
      "has_planks": "2022-09-14 02:04:33 +0900"
    },
    "done": true
  },
  "mcwbridges:recipes/red_sandstone_bridge_stair": {
    "criteria": {
      "has_planks": "2022-09-14 02:04:33 +0900"
    },
    "done": true
  },
  "mcwbridges:recipes/deepslate_brick_bridge_pier": {
    "criteria": {
      "has_planks": "2022-09-14 02:04:33 +0900"
    },
    "done": true
  },
  "minecraft:recipes/decorations/oak_sign": {
    "criteria": {
      "has_planks": "2022-09-14 02:06:30 +0900"
    },
    "done": true
  },
  "minecraft:recipes/building_blocks/deepslate_tile_slab": {
    "criteria": {
      "has_deepslate_tiles": "2022-09-21 22:39:44 +0900"
    },
    "done": true
  },
  "minecraft:recipes/redstone/oak_trapdoor": {
    "criteria": {
      "has_planks": "2022-09-14 02:06:30 +0900"
    },
    "done": true
  },
  "mcwbridges:recipes/spruce_rail_bridge": {
    "criteria": {
      "has_planks": "2022-09-14 02:04:33 +0900"
    },
    "done": true
  },
  "minecraft:recipes/building_blocks/polished_diorite_from_diorite_stonecutting": {
    "criteria": {
      "has_diorite": "2022-09-14 02:30:58 +0900"
    },
    "done": true
  },
  "minecraft:recipes/building_blocks/granite_stairs_from_granite_stonecutting": {
    "criteria": {
      "has_granite": "2022-09-16 14:43:58 +0900"
    },
    "done": true
  },
  "mcwroofs:recipes/birch": {
    "criteria": {
      "has_planks": "2022-09-14 02:04:33 +0900"
    },
    "done": true
  },
  "mcwwindows:recipes/planks/birch_plank_window": {
    "criteria": {
      "has_planks": "2022-09-14 02:04:33 +0900"
    },
    "done": true
  },
  "minecraft:recipes/building_blocks/cracked_deepslate_bricks": {
    "criteria": {
      "has_deepslate_bricks": "2022-09-24 01:39:16 +0900"
    },
    "done": true
  },
  "mcwbridges:recipes/birch_rail_bridge": {
    "criteria": {
      "has_planks": "2022-09-14 02:04:33 +0900"
    },
    "done": true
  },
  "minecraft:recipes/building_blocks/red_concrete_powder": {
    "criteria": {
      "has_sand": "2022-09-04 02:34:10 +0900"
    },
    "done": true
  },
  "mcwwindows:recipes/planks/spruce_plank_window": {
    "criteria": {
      "has_planks": "2022-09-14 02:04:33 +0900"
    },
    "done": true
  },
  "minecraft:recipes/misc/iron_nugget_from_blasting": {
    "criteria": {
      "has_iron_pickaxe": "2022-09-16 14:06:50 +0900"
    },
    "done": true
  },
  "mcwwindows:recipes/parapet/mangrove_log_parapet": {
    "criteria": {
      "has_planks": "2022-09-14 02:04:33 +0900"
    },
    "done": true
  },
  "minecraft:recipes/decorations/polished_deepslate_wall_from_cobbled_deepslate_stonecutting": {
    "criteria": {
      "has_cobbled_deepslate": "2022-09-16 14:25:09 +0900"
    },
    "done": true
  },
  "mcwwindows:recipes/stone/andesite_window2": {
    "criteria": {
      "has_planks": "2022-09-14 02:04:33 +0900"
    },
    "done": true
  },
  "minecraft:adventure/kill_a_mob": {
    "criteria": {
      "minecraft:zombie": "2022-09-04 02:37:19 +0900"
    },
    "done": true
  },
  "minecraft:recipes/tools/golden_pickaxe": {
    "criteria": {
      "has_gold_ingot": "2022-09-17 02:33:42 +0900"
    },
    "done": true
  },
  "minecraft:recipes/decorations/diorite_wall": {
    "criteria": {
      "has_diorite": "2022-09-14 02:30:58 +0900"
    },
    "done": true
  },
  "mcwwindows:recipes/strip/stripped_jungle_log_window2": {
    "criteria": {
      "has_planks": "2022-09-14 02:04:33 +0900"
    },
    "done": true
  },
  "mcwwindows:recipes/parapet/mangrove_plank_parapet": {
    "criteria": {
      "has_planks": "2022-09-14 02:04:33 +0900"
    },
    "done": true
  },
  "mcwbridges:recipes/spruce_rope_bridge_stair": {
    "criteria": {
      "has_planks": "2022-09-14 02:04:33 +0900"
    },
    "done": true
  },
  "minecraft:recipes/building_blocks/stone": {
    "criteria": {
      "has_cobblestone": "2022-09-14 02:30:35 +0900"
    },
    "done": true
  },
  "minecraft:recipes/building_blocks/deepslate_bricks_from_cobbled_deepslate_stonecutting": {
    "criteria": {
      "has_cobbled_deepslate": "2022-09-16 14:25:09 +0900"
    },
    "done": true
  },
  "minecraft:adventure/adventuring_time": {
    "criteria": {
      "minecraft:deep_ocean": "2022-09-14 02:09:05 +0900",
      "minecraft:birch_forest": "2022-09-04 02:30:01 +0900",
      "minecraft:beach": "2022-09-04 02:30:29 +0900",
      "minecraft:river": "2022-09-14 02:08:15 +0900",
      "minecraft:forest": "2022-09-04 02:43:21 +0900",
      "minecraft:ocean": "2022-09-14 02:08:29 +0900",
      "minecraft:windswept_savanna": "2022-09-14 02:08:25 +0900",
      "minecraft:old_growth_birch_forest": "2022-09-14 02:09:35 +0900",
      "minecraft:plains": "2022-09-14 02:10:05 +0900"
    },
    "done": false
  },
  "minecraft:recipes/building_blocks/deepslate_brick_stairs_from_cobbled_deepslate_stonecutting": {
    "criteria": {
      "has_cobbled_deepslate": "2022-09-16 14:25:09 +0900"
    },
    "done": true
  },
  "mcwwindows:recipes/planks/crimson_planks_window": {
    "criteria": {
      "has_planks": "2022-09-14 02:04:33 +0900"
    },
    "done": true
  },
  "mcwwindows:recipes/arrow/stone_brick_arrow_slit": {
    "criteria": {
      "has_planks": "2022-09-14 02:04:33 +0900"
    },
    "done": true
  },
  "mcwbridges:recipes/bamboo_bridge_pier": {
    "criteria": {
      "has_planks": "2022-09-14 02:04:33 +0900"
    },
    "done": true
  },
  "mcwbridges:recipes/birch_rope_bridge_stair": {
    "criteria": {
      "has_planks": "2022-09-14 02:04:33 +0900"
    },
    "done": true
  },
  "mcwbridges:recipes/dark_oak_rope_bridge_stair": {
    "criteria": {
      "has_planks": "2022-09-14 02:04:33 +0900"
    },
    "done": true
  },
  "minecraft:recipes/combat/stone_sword": {
    "criteria": {
      "has_cobblestone": "2022-09-14 02:30:35 +0900"
    },
    "done": true
  },
  "minecraft:recipes/decorations/barrel": {
    "criteria": {
      "has_planks": "2022-09-04 02:46:12 +0900"
    },
    "done": true
  },
  "minecraft:recipes/decorations/cobblestone_wall": {
    "criteria": {
      "has_cobblestone": "2022-09-14 02:30:35 +0900"
    },
    "done": true
  },
  "mcwroofs:recipes/mangrove_planks": {
    "criteria": {
      "has_planks": "2022-09-14 02:04:33 +0900"
    },
    "done": true
  },
  "minecraft:recipes/building_blocks/polished_deepslate_slab": {
    "criteria": {
      "has_polished_deepslate": "2022-09-16 21:41:14 +0900"
    },
    "done": true
  },
  "mcwwindows:recipes/mosaic_block/black_mosaic_glass": {
    "criteria": {
      "has_planks": "2022-09-14 02:04:33 +0900"
    },
    "done": true
  },
  "minecraft:recipes/misc/iron_ingot_from_smelting_raw_iron": {
    "criteria": {
      "has_raw_iron": "2022-09-16 13:53:35 +0900"
    },
    "done": true
  },
  "minecraft:recipes/brewing/fermented_spider_eye": {
    "criteria": {
      "has_spider_eye": "2022-09-17 02:05:52 +0900"
    },
    "done": true
  },
  "minecraft:recipes/tools/stone_pickaxe": {
    "criteria": {
      "has_cobblestone": "2022-09-14 02:30:35 +0900"
    },
    "done": true
  },
  "minecraft:recipes/decorations/smithing_table": {
    "criteria": {
      "has_iron_ingot": "2022-09-16 14:01:01 +0900"
    },
    "done": true
  },
  "mcwbridges:recipes/dark_oak_rail_bridge": {
    "criteria": {
      "has_planks": "2022-09-14 02:04:33 +0900"
    },
    "done": true
  },
  "mcwroofs:recipes/concrete": {
    "criteria": {
      "has_planks": "2022-09-14 02:04:33 +0900"
    },
    "done": true
  },
  "minecraft:recipes/building_blocks/deepslate_brick_slab_from_cobbled_deepslate_stonecutting": {
    "criteria": {
      "has_cobbled_deepslate": "2022-09-16 14:25:09 +0900"
    },
    "done": true
  },
  "minecraft:recipes/decorations/deepslate_tile_wall_from_deepslate_tiles_stonecutting": {
    "criteria": {
      "has_deepslate_tiles": "2022-09-21 22:39:44 +0900"
    },
    "done": true
  },
  "minecraft:recipes/decorations/deepslate_brick_wall": {
    "criteria": {
      "has_deepslate_bricks": "2022-09-24 01:39:16 +0900"
    },
    "done": true
  },
  "mcwwindows:recipes/parapet/dark_oak_plank_parapet": {
    "criteria": {
      "has_planks": "2022-09-14 02:04:33 +0900"
    },
    "done": true
  },
  "minecraft:recipes/decorations/cobblestone_wall_from_cobblestone_stonecutting": {
    "criteria": {
      "has_cobblestone": "2022-09-14 02:30:35 +0900"
    },
    "done": true
  },
  "mcwwindows:recipes/mosaic_block/orange_mosaic_glass": {
    "criteria": {
      "has_planks": "2022-09-14 02:04:33 +0900"
    },
    "done": true
  },
  "mcwwindows:recipes/strip/stripped_warped_stem_window": {
    "criteria": {
      "has_planks": "2022-09-14 02:04:33 +0900"
    },
    "done": true
  },
  "minecraft:recipes/building_blocks/diamond_block": {
    "criteria": {
      "has_diamond": "2022-09-16 15:03:26 +0900"
    },
    "done": true
  },
  "minecraft:recipes/building_blocks/lapis_block": {
    "criteria": {
      "has_lapis_lazuli": "2022-09-16 13:57:03 +0900"
    },
    "done": true
  },
  "mcwwindows:recipes/strip/stripped_warped_stem_window2": {
    "criteria": {
      "has_planks": "2022-09-14 02:04:33 +0900"
    },
    "done": true
  },
  "mcwwindows:recipes/mosaic_block/blue_mosaic_glass": {
    "criteria": {
      "has_planks": "2022-09-14 02:04:32 +0900"
    },
    "done": true
  },
  "minecraft:recipes/building_blocks/deepslate_tile_slab_from_deepslate_bricks_stonecutting": {
    "criteria": {
      "has_deepslate_bricks": "2022-09-24 01:39:16 +0900"
    },
    "done": true
  },
  "minecraft:recipes/decorations/lantern": {
    "criteria": {
      "has_iron_ingot": "2022-09-16 14:01:01 +0900"
    },
    "done": true
  },
  "mcwbridges:recipes/spruce_log_bridge_middle": {
    "criteria": {
      "has_planks": "2022-09-14 02:04:33 +0900"
    },
    "done": true
  },
  "mcwwindows:recipes/strip/stripped_dark_oak_log_window2": {
    "criteria": {
      "has_planks": "2022-09-14 02:04:33 +0900"
    },
    "done": true
  },
  "mcwwindows:recipes/strip/stripped_acacia_log_window2": {
    "criteria": {
      "has_planks": "2022-09-14 02:04:33 +0900"
    },
    "done": true
  },
  "minecraft:recipes/misc/gold_nugget_from_smelting": {
    "criteria": {
      "has_golden_horse_armor": "2022-09-17 02:33:36 +0900"
    },
    "done": true
  },
  "mcwroofs:recipes/thatch": {
    "criteria": {
      "has_planks": "2022-09-14 02:04:33 +0900"
    },
    "done": true
  },
  "minecraft:recipes/building_blocks/polished_diorite": {
    "criteria": {
      "has_diorite": "2022-09-14 02:30:58 +0900"
    },
    "done": true
  },
  "mcwdoors:recipes/birch": {
    "criteria": {
      "has_planks": "2022-09-14 02:04:33 +0900"
    },
    "done": true
  },
  "minecraft:recipes/building_blocks/cobbled_deepslate_slab_from_cobbled_deepslate_stonecutting": {
    "criteria": {
      "has_cobbled_deepslate": "2022-09-16 14:25:09 +0900"
    },
    "done": true
  },
  "mcwbridges:recipes/acacia_rope_bridge_stair": {
    "criteria": {
      "has_planks": "2022-09-14 02:04:33 +0900"
    },
    "done": true
  },
  "minecraft:recipes/decorations/andesite_wall": {
    "criteria": {
      "has_andesite": "2022-09-16 13:48:01 +0900"
    },
    "done": true
  },
  "minecraft:recipes/building_blocks/andesite_slab": {
    "criteria": {
      "has_andesite": "2022-09-16 13:48:01 +0900"
    },
    "done": true
  },
  "mcwwindows:recipes/mosaic_block/purple_mosaic_glass": {
    "criteria": {
      "has_planks": "2022-09-14 02:04:33 +0900"
    },
    "done": true
  },
  "mcwbridges:recipes/iron_bridge_stair": {
    "criteria": {
      "has_planks": "2022-09-14 02:04:33 +0900"
    },
    "done": true
  },
  "mcwwindows:recipes/stone/diorite_window": {
    "criteria": {
      "has_planks": "2022-09-14 02:04:33 +0900"
    },
    "done": true
  },
  "minecraft:recipes/tools/stone_axe": {
    "criteria": {
      "has_cobblestone": "2022-09-14 02:30:35 +0900"
    },
    "done": true
  },
  "minecraft:recipes/building_blocks/raw_iron_block": {
    "criteria": {
      "has_raw_iron": "2022-09-16 13:53:35 +0900"
    },
    "done": true
  },
  "minecraft:recipes/building_blocks/deepslate_tile_stairs": {
    "criteria": {
      "has_deepslate_tiles": "2022-09-21 22:39:44 +0900"
    },
    "done": true
  },
  "mcwbridges:recipes/stone_bridge_pier": {
    "criteria": {
      "has_planks": "2022-09-14 02:04:33 +0900"
    },
    "done": true
  },
  "minecraft:recipes/building_blocks/deepslate_tile_slab_from_polished_deepslate_stonecutting": {
    "criteria": {
      "has_polished_deepslate": "2022-09-16 21:41:14 +0900"
    },
    "done": true
  },
  "mcwwindows:recipes/windows/birch_window2": {
    "criteria": {
      "has_planks": "2022-09-14 02:04:33 +0900"
    },
    "done": true
  },
  "minecraft:recipes/building_blocks/cobblestone_stairs_from_cobblestone_stonecutting": {
    "criteria": {
      "has_cobblestone": "2022-09-14 02:30:35 +0900"
    },
    "done": true
  },
  "minecraft:recipes/building_blocks/magenta_concrete_powder": {
    "criteria": {
      "has_sand": "2022-09-04 02:34:10 +0900"
    },
    "done": true
  },
  "mcwwindows:recipes/gothic/stone_brick_gothic": {
    "criteria": {
      "has_planks": "2022-09-14 02:04:33 +0900"
    },
    "done": true
  },
  "minecraft:recipes/building_blocks/polished_andesite_stairs_from_andesite_stonecutting": {
    "criteria": {
      "has_andesite": "2022-09-16 13:48:01 +0900"
    },
    "done": true
  },
  "mcwroofs:recipes/stone": {
    "criteria": {
      "has_planks": "2022-09-14 02:04:33 +0900"
    },
    "done": true
  },
  "mcwroofs:recipes/jungle": {
    "criteria": {
      "has_planks": "2022-09-14 02:04:33 +0900"
    },
    "done": true
  },
  "mcwbridges:recipes/brick_bridge": {
    "criteria": {
      "has_planks": "2022-09-14 02:04:33 +0900"
    },
    "done": true
  },
  "minecraft:recipes/building_blocks/stone_brick_slab_from_stone_bricks_stonecutting": {
    "criteria": {
      "has_stone_bricks": "2022-09-19 22:50:27 +0900"
    },
    "done": true
  },
  "mcwbridges:recipes/rope_spruce_bridge": {
    "criteria": {
      "has_planks": "2022-09-14 02:04:33 +0900"
    },
    "done": true
  },
  "minecraft:recipes/redstone/birch_pressure_plate": {
    "criteria": {
      "has_planks": "2022-09-04 02:46:12 +0900"
    },
    "done": true
  },
  "minecraft:recipes/decorations/campfire": {
    "criteria": {
      "has_stick": "2022-09-04 02:35:43 +0900"
    },
    "done": true
  },
  "mcwwindows:recipes/stone/andesite_window": {
    "criteria": {
      "has_planks": "2022-09-14 02:04:32 +0900"
    },
    "done": true
  },
  "minecraft:recipes/decorations/candle": {
    "criteria": {
      "has_string": "2022-09-17 02:05:51 +0900"
    },
    "done": true
  },
  "mcwroofs:recipes/mud_bricks": {
    "criteria": {
      "has_planks": "2022-09-14 02:04:33 +0900"
    },
    "done": true
  },
  "minecraft:recipes/tools/golden_hoe": {
    "criteria": {
      "has_gold_ingot": "2022-09-17 02:33:42 +0900"
    },
    "done": true
  },
  "minecraft:recipes/food/bread": {
    "criteria": {
      "has_wheat": "2022-09-17 02:33:45 +0900"
    },
    "done": true
  },
  "minecraft:recipes/building_blocks/diorite_slab_from_diorite_stonecutting": {
    "criteria": {
      "has_diorite": "2022-09-14 02:30:58 +0900"
    },
    "done": true
  },
  "minecraft:recipes/decorations/deepslate_brick_wall_from_polished_deepslate_stonecutting": {
    "criteria": {
      "has_polished_deepslate": "2022-09-16 21:41:14 +0900"
    },
    "done": true
  },
  "mcwwindows:recipes/planks/oak_plank_window": {
    "criteria": {
      "has_planks": "2022-09-14 02:04:33 +0900"
    },
    "done": true
  },
  "mcwwindows:recipes/mosaic_block/light_gray_mosaic_glass": {
    "criteria": {
      "has_planks": "2022-09-14 02:04:33 +0900"
    },
    "done": true
  },
  "minecraft:recipes/misc/iron_nugget": {
    "criteria": {
      "has_iron_ingot": "2022-09-16 14:01:01 +0900"
    },
    "done": true
  },
  "minecraft:recipes/building_blocks/brown_concrete_powder": {
    "criteria": {
      "has_sand": "2022-09-04 02:34:10 +0900"
    },
    "done": true
  },
  "mcwroofs:recipes/oak": {
    "criteria": {
      "has_planks": "2022-09-14 02:04:33 +0900"
    },
    "done": true
  },
  "mcwwindows:recipes/planks/acacia_plank_window": {
    "criteria": {
      "has_planks": "2022-09-14 02:04:33 +0900"
    },
    "done": true
  },
  "minecraft:recipes/building_blocks/deepslate_tile_slab_from_cobbled_deepslate_stonecutting": {
    "criteria": {
      "has_cobbled_deepslate": "2022-09-16 14:25:09 +0900"
    },
    "done": true
  },
  "minecraft:recipes/combat/diamond_sword": {
    "criteria": {
      "has_diamond": "2022-09-16 15:03:26 +0900"
    },
    "done": true
  },
  "mcwbridges:recipes/mangrove_log_bridge_middle": {
    "criteria": {
      "has_planks": "2022-09-14 02:04:32 +0900"
    },
    "done": true
  },
  "mcwwindows:recipes/parapet/granite_parapet": {
    "criteria": {
      "has_planks": "2022-09-14 02:04:33 +0900"
    },
    "done": true
  },
  "minecraft:recipes/transportation/spruce_boat": {
    "criteria": {
      "in_water": "2022-09-04 02:31:17 +0900"
    },
    "done": true
  },
  "minecraft:recipes/decorations/jukebox": {
    "criteria": {
      "has_diamond": "2022-09-16 15:03:26 +0900"
    },
    "done": true
  },
  "mcwbridges:recipes/acacia_rail_bridge": {
    "criteria": {
      "has_planks": "2022-09-14 02:04:33 +0900"
    },
    "done": true
  },
  "minecraft:recipes/building_blocks/cracked_stone_bricks": {
    "criteria": {
      "has_stone_bricks": "2022-09-19 22:50:27 +0900"
    },
    "done": true
  },
  "mcwdoors:recipes/oak": {
    "criteria": {
      "has_planks": "2022-09-14 02:04:33 +0900"
    },
    "done": true
  },
  "minecraft:recipes/tools/flint_and_steel": {
    "criteria": {
      "has_flint": "2022-09-16 18:31:10 +0900"
    },
    "done": true
  },
  "minecraft:recipes/misc/firework_rocket_simple": {
    "criteria": {
      "has_gunpowder": "2022-09-17 02:33:30 +0900"
    },
    "done": true
  },
  "mcwbridges:recipes/rope_acacia_bridge": {
    "criteria": {
      "has_planks": "2022-09-14 02:04:33 +0900"
    },
    "done": true
  },
  "mcwwindows:recipes/parapet/jungle_log_parapet": {
    "criteria": {
      "has_planks": "2022-09-14 02:04:33 +0900"
    },
    "done": true
  },
  "mcwwindows:recipes/parapet/jungle_plank_parapet": {
    "criteria": {
      "has_planks": "2022-09-14 02:04:33 +0900"
    },
    "done": true
  },
  "mcwbridges:recipes/blackstone_bridge_pier": {
    "criteria": {
      "has_planks": "2022-09-14 02:04:33 +0900"
    },
    "done": true
  },
  "mcwroofs:recipes/oak_planks": {
    "criteria": {
      "has_planks": "2022-09-14 02:04:32 +0900"
    },
    "done": true
  },
  "minecraft:recipes/building_blocks/polished_granite_from_granite_stonecutting": {
    "criteria": {
      "has_granite": "2022-09-16 14:43:58 +0900"
    },
    "done": true
  },
  "minecraft:recipes/misc/gold_nugget": {
    "criteria": {
      "has_gold_ingot": "2022-09-17 02:33:42 +0900"
    },
    "done": true
  },
  "minecraft:recipes/misc/sugar_from_sugar_cane": {
    "criteria": {
      "has_sugar_cane": "2022-09-21 23:30:00 +0900"
    },
    "done": true
  },
  "mcwwindows:recipes/windows/acacia_window": {
    "criteria": {
      "has_planks": "2022-09-14 02:04:33 +0900"
    },
    "done": true
  },
  "minecraft:recipes/building_blocks/deepslate_tiles": {
    "criteria": {
      "has_deepslate_bricks": "2022-09-24 01:39:16 +0900"
    },
    "done": true
  },
  "minecraft:husbandry/balanced_diet": {
    "criteria": {
      "apple": "2022-09-14 02:33:57 +0900",
      "bread": "2022-09-14 02:21:16 +0900"
    },
    "done": false
  },
  "minecraft:recipes/tools/wooden_hoe": {
    "criteria": {
      "has_stick": "2022-09-04 02:35:43 +0900"
    },
    "done": true
  },
  "mcwdoors:recipes/jungle": {
    "criteria": {
      "has_planks": "2022-09-14 02:04:33 +0900"
    },
    "done": true
  },
  "mcwroofs:recipes/jungle_planks": {
    "criteria": {
      "has_planks": "2022-09-14 02:04:33 +0900"
    },
    "done": true
  },
  "mcwbridges:recipes/sandstone_bridge": {
    "criteria": {
      "has_planks": "2022-09-14 02:04:33 +0900"
    },
    "done": true
  },
  "minecraft:recipes/decorations/respawn_anchor": {
    "criteria": {
      "has_obsidian": "2022-09-19 22:50:22 +0900"
    },
    "done": true
  },
  "mcwdoors:recipes/acacia": {
    "criteria": {
      "has_planks": "2022-09-14 02:04:33 +0900"
    },
    "done": true
  },
  "mcwwindows:recipes/parapet/birch_log_parapet": {
    "criteria": {
      "has_planks": "2022-09-14 02:04:33 +0900"
    },
    "done": true
  },
  "mcwwindows:recipes/strip/stripped_crimson_stem_window2": {
    "criteria": {
      "has_planks": "2022-09-14 02:04:33 +0900"
    },
    "done": true
  },
  "minecraft:recipes/misc/bucket": {
    "criteria": {
      "has_iron_ingot": "2022-09-16 14:01:01 +0900"
    },
    "done": true
  },
  "mcwwindows:recipes/windows/warped_stem_window2": {
    "criteria": {
      "has_planks": "2022-09-14 02:04:32 +0900"
    },
    "done": true
  },
  "mcwwindows:recipes/planks/mangrove_plank_window": {
    "criteria": {
      "has_planks": "2022-09-14 02:04:33 +0900"
    },
    "done": true
  },
  "minecraft:recipes/building_blocks/cobblestone_stairs": {
    "criteria": {
      "has_cobblestone": "2022-09-14 02:30:35 +0900"
    },
    "done": true
  },
  "minecraft:recipes/building_blocks/diorite_slab": {
    "criteria": {
      "has_diorite": "2022-09-14 02:30:58 +0900"
    },
    "done": true
  },
  "minecraft:recipes/building_blocks/stone_brick_stairs_from_stone_bricks_stonecutting": {
    "criteria": {
      "has_stone_bricks": "2022-09-19 22:50:27 +0900"
    },
    "done": true
  },
  "minecraft:recipes/building_blocks/birch_slab": {
    "criteria": {
      "has_planks": "2022-09-04 02:46:12 +0900"
    },
    "done": true
  },
  "mcwbridges:recipes/red_sandstone_bridge_pier": {
    "criteria": {
      "has_planks": "2022-09-14 02:04:33 +0900"
    },
    "done": true
  },
  "minecraft:recipes/building_blocks/polished_deepslate_slab_from_polished_deepslate_stonecutting": {
    "criteria": {
      "has_polished_deepslate": "2022-09-16 21:41:14 +0900"
    },
    "done": true
  },
  "minecraft:recipes/decorations/granite_wall": {
    "criteria": {
      "has_granite": "2022-09-16 14:43:58 +0900"
    },
    "done": true
  },
  "minecraft:recipes/redstone/note_block": {
    "criteria": {
      "has_redstone": "2022-09-16 14:11:51 +0900"
    },
    "done": true
  },
  "mcwwindows:recipes/planks/spruce_plank_window2": {
    "criteria": {
      "has_planks": "2022-09-14 02:04:33 +0900"
    },
    "done": true
  },
  "mcwwindows:recipes/planks/warped_planks_window": {
    "criteria": {
      "has_planks": "2022-09-14 02:04:33 +0900"
    },
    "done": true
  },
  "minecraft:recipes/building_blocks/light_blue_concrete_powder": {
    "criteria": {
      "has_sand": "2022-09-04 02:34:10 +0900"
    },
    "done": true
  },
  "mcwroofs:recipes/crimson_planks": {
    "criteria": {
      "has_planks": "2022-09-14 02:04:33 +0900"
    },
    "done": true
  },
  "minecraft:recipes/building_blocks/polished_diorite_slab_from_diorite_stonecutting": {
    "criteria": {
      "has_diorite": "2022-09-14 02:30:58 +0900"
    },
    "done": true
  },
  "minecraft:recipes/building_blocks/deepslate_tiles_from_cobbled_deepslate_stonecutting": {
    "criteria": {
      "has_cobbled_deepslate": "2022-09-16 14:25:09 +0900"
    },
    "done": true
  },
  "mcwwindows:recipes/windows/spruce_window2": {
    "criteria": {
      "has_planks": "2022-09-14 02:04:33 +0900"
    },
    "done": true
  },
  "mcwwindows:recipes/parapet/spruce_log_parapet": {
    "criteria": {
      "has_planks": "2022-09-14 02:04:33 +0900"
    },
    "done": true
  },
  "minecraft:recipes/decorations/mossy_cobblestone_wall": {
    "criteria": {
      "has_mossy_cobblestone": "2022-09-21 23:42:49 +0900"
    },
    "done": true
  },
  "mcwwindows:recipes/windows/spruce_window": {
    "criteria": {
      "has_planks": "2022-09-14 02:04:33 +0900"
    },
    "done": true
  },
  "minecraft:recipes/building_blocks/hay_block": {
    "criteria": {
      "has_wheat": "2022-09-17 02:33:45 +0900"
    },
    "done": true
  },
  "minecraft:recipes/building_blocks/glass": {
    "criteria": {
      "has_sand": "2022-09-04 02:34:10 +0900"
    },
    "done": true
  },
  "mcwwindows:recipes/strip/stripped_spruce_log_window": {
    "criteria": {
      "has_planks": "2022-09-14 02:04:33 +0900"
    },
    "done": true
  },
  "minecraft:recipes/combat/iron_helmet": {
    "criteria": {
      "has_iron_ingot": "2022-09-16 14:01:01 +0900"
    },
    "done": true
  },
  "minecraft:recipes/tools/golden_shovel": {
    "criteria": {
      "has_gold_ingot": "2022-09-17 02:33:42 +0900"
    },
    "done": true
  },
  "minecraft:recipes/combat/bow": {
    "criteria": {
      "has_string": "2022-09-17 02:05:51 +0900"
    },
    "done": true
  },
  "minecraft:recipes/decorations/mossy_cobblestone_wall_from_mossy_cobblestone_stonecutting": {
    "criteria": {
      "has_mossy_cobblestone": "2022-09-21 23:42:49 +0900"
    },
    "done": true
  },
  "minecraft:recipes/redstone/oak_fence_gate": {
    "criteria": {
      "has_planks": "2022-09-14 02:06:30 +0900"
    },
    "done": true
  },
  "minecraft:recipes/redstone/tnt": {
    "criteria": {
      "has_gunpowder": "2022-09-17 02:33:30 +0900"
    },
    "done": true
  },
  "minecraft:recipes/building_blocks/purple_concrete_powder": {
    "criteria": {
      "has_sand": "2022-09-04 02:34:10 +0900"
    },
    "done": true
  },
  "minecraft:recipes/decorations/diorite_wall_from_diorite_stonecutting": {
    "criteria": {
      "has_diorite": "2022-09-14 02:30:58 +0900"
    },
    "done": true
  },
  "mcwwindows:recipes/planks/dark_oak_plank_window": {
    "criteria": {
      "has_planks": "2022-09-14 02:04:33 +0900"
    },
    "done": true
  },
  "minecraft:recipes/transportation/oak_chest_boat": {
    "criteria": {
      "has_boat": "2022-09-14 02:06:43 +0900"
    },
    "done": true
  },
  "minecraft:recipes/combat/diamond_chestplate": {
    "criteria": {
      "has_diamond": "2022-09-16 15:03:26 +0900"
    },
    "done": true
  },
  "minecraft:story/mine_stone": {
    "criteria": {
      "get_stone": "2022-09-14 02:30:35 +0900"
    },
    "done": true
  },
  "mcwwindows:recipes/stone/granite_window2": {
    "criteria": {
      "has_planks": "2022-09-14 02:04:33 +0900"
    },
    "done": true
  },
  "mcwroofs:recipes/acacia": {
    "criteria": {
      "has_planks": "2022-09-14 02:04:33 +0900"
    },
    "done": true
  },
  "mcwwindows:recipes/windows/mangrove_window2": {
    "criteria": {
      "has_planks": "2022-09-14 02:04:33 +0900"
    },
    "done": true
  },
  "mcwwindows:recipes/gothic/nether_brick_gothic": {
    "criteria": {
      "has_planks": "2022-09-14 02:04:33 +0900"
    },
    "done": true
  },
  "minecraft:recipes/redstone/target": {
    "criteria": {
      "has_redstone": "2022-09-16 14:11:51 +0900"
    },
    "done": true
  },
  "minecraft:recipes/decorations/furnace": {
    "criteria": {
      "has_cobblestone": "2022-09-14 02:30:35 +0900"
    },
    "done": true
  },
  "minecraft:recipes/transportation/minecart": {
    "criteria": {
      "has_iron_ingot": "2022-09-16 14:01:01 +0900"
    },
    "done": true
  },
  "minecraft:recipes/misc/charcoal": {
    "criteria": {
      "has_log": "2022-09-04 02:39:31 +0900"
    },
    "done": true
  },
  "minecraft:recipes/building_blocks/andesite_stairs": {
    "criteria": {
      "has_andesite": "2022-09-16 13:48:01 +0900"
    },
    "done": true
  },
  "minecraft:recipes/tools/wooden_pickaxe": {
    "criteria": {
      "has_stick": "2022-09-04 02:35:43 +0900"
    },
    "done": true
  },
  "mcwwindows:recipes/blinds/warped_blinds": {
    "criteria": {
      "has_planks": "2022-09-14 02:04:33 +0900"
    },
    "done": true
  },
  "minecraft:recipes/tools/iron_hoe": {
    "criteria": {
      "has_iron_ingot": "2022-09-16 14:01:01 +0900"
    },
    "done": true
  },
  "minecraft:recipes/building_blocks/cobbled_deepslate_stairs": {
    "criteria": {
      "has_cobbled_deepslate": "2022-09-16 14:25:09 +0900"
    },
    "done": true
  },
  "minecraft:recipes/building_blocks/deepslate_tile_stairs_from_polished_deepslate_stonecutting": {
    "criteria": {
      "has_polished_deepslate": "2022-09-16 21:41:14 +0900"
    },
    "done": true
  },
  "minecraft:husbandry/root": {
    "criteria": {
      "consumed_item": "2022-09-14 02:21:16 +0900"
    },
    "done": true
  },
  "minecraft:recipes/redstone/redstone_torch": {
    "criteria": {
      "has_redstone": "2022-09-16 14:11:51 +0900"
    },
    "done": true
  },
  "minecraft:recipes/building_blocks/stone_brick_slab": {
    "criteria": {
      "has_stone_bricks": "2022-09-19 22:50:27 +0900"
    },
    "done": true
  },
  "minecraft:recipes/transportation/birch_boat": {
    "criteria": {
      "in_water": "2022-09-04 02:31:17 +0900"
    },
    "done": true
  },
  "minecraft:recipes/food/golden_apple": {
    "criteria": {
      "has_gold_ingot": "2022-09-17 02:33:42 +0900"
    },
    "done": true
  },
  "minecraft:recipes/misc/gold_ingot_from_blasting_raw_gold": {
    "criteria": {
      "has_raw_gold": "2022-09-16 14:28:40 +0900"
    },
    "done": true
  },
  "mcwbridges:recipes/dry_bamboo_bridge": {
    "criteria": {
      "has_planks": "2022-09-14 02:04:33 +0900"
    },
    "done": true
  },
  "minecraft:recipes/building_blocks/polished_granite_slab_from_granite_stonecutting": {
    "criteria": {
      "has_granite": "2022-09-16 14:43:58 +0900"
    },
    "done": true
  },
  "minecraft:recipes/building_blocks/green_concrete_powder": {
    "criteria": {
      "has_sand": "2022-09-04 02:34:10 +0900"
    },
    "done": true
  },
  "minecraft:recipes/decorations/enchanting_table": {
    "criteria": {
      "has_obsidian": "2022-09-19 22:36:42 +0900"
    },
    "done": true
  },
  "minecraft:recipes/building_blocks/polished_andesite_from_andesite_stonecutting": {
    "criteria": {
      "has_andesite": "2022-09-16 13:48:01 +0900"
    },
    "done": true
  },
  "minecraft:recipes/building_blocks/cobbled_deepslate_stairs_from_cobbled_deepslate_stonecutting": {
    "criteria": {
      "has_cobbled_deepslate": "2022-09-16 14:25:09 +0900"
    },
    "done": true
  },
  "minecraft:recipes/tools/iron_shovel": {
    "criteria": {
      "has_iron_ingot": "2022-09-16 14:01:01 +0900"
    },
    "done": true
  },
  "mcwwindows:recipes/mosaic_block/cyan_mosaic_glass": {
    "criteria": {
      "has_planks": "2022-09-14 02:04:33 +0900"
    },
    "done": true
  },
  "mcwwindows:recipes/strip/stripped_birch_log_window": {
    "criteria": {
      "has_planks": "2022-09-14 02:04:33 +0900"
    },
    "done": true
  },
  "mcwbridges:recipes/deepslate_tile_bridge": {
    "criteria": {
      "has_planks": "2022-09-14 02:04:33 +0900"
    },
    "done": true
  },
  "mcwwindows:recipes/mosaic_block/light_blue_mosaic_glass": {
    "criteria": {
      "has_planks": "2022-09-14 02:04:33 +0900"
    },
    "done": true
  },
  "mcwwindows:recipes/planks/jungle_plank_window": {
    "criteria": {
      "has_planks": "2022-09-14 02:04:33 +0900"
    },
    "done": true
  },
  "mcwbridges:recipes/acacia_log_bridge_stair": {
    "criteria": {
      "has_planks": "2022-09-14 02:04:33 +0900"
    },
    "done": true
  },
  "mcwbridges:recipes/brick_bridge_pier": {
    "criteria": {
      "has_planks": "2022-09-14 02:04:33 +0900"
    },
    "done": true
  },
  "minecraft:recipes/tools/stone_hoe": {
    "criteria": {
      "has_cobblestone": "2022-09-14 02:30:35 +0900"
    },
    "done": true
  },
  "minecraft:recipes/tools/clock": {
    "criteria": {
      "has_redstone": "2022-09-16 14:11:51 +0900"
    },
    "done": true
  },
  "minecraft:recipes/tools/diamond_hoe": {
    "criteria": {
      "has_diamond": "2022-09-16 15:03:26 +0900"
    },
    "done": true
  },
  "minecraft:recipes/transportation/activator_rail": {
    "criteria": {
      "has_rail": "2022-09-17 02:14:43 +0900"
    },
    "done": true
  },
  "minecraft:recipes/tools/diamond_shovel": {
    "criteria": {
      "has_diamond": "2022-09-16 15:03:26 +0900"
    },
    "done": true
  },
  "mcwbridges:recipes/orange_sandstone_bridge": {
    "criteria": {
      "has_planks": "2022-09-14 02:04:33 +0900"
    },
    "done": true
  },
  "mcwdoors:recipes/metal": {
    "criteria": {
      "has_planks": "2022-09-14 02:04:33 +0900"
    },
    "done": true
  },
  "mcwwindows:recipes/mosaic_block/yellow_mosaic_glass": {
    "criteria": {
      "has_planks": "2022-09-14 02:04:33 +0900"
    },
    "done": true
  },
  "minecraft:recipes/building_blocks/deepslate": {
    "criteria": {
      "has_cobbled_deepslate": "2022-09-16 14:25:09 +0900"
    },
    "done": true
  },
  "minecraft:recipes/building_blocks/granite_slab": {
    "criteria": {
      "has_granite": "2022-09-16 14:43:58 +0900"
    },
    "done": true
  },
  "mcwbridges:recipes/mangrove_rail_bridge": {
    "criteria": {
      "has_planks": "2022-09-14 02:04:33 +0900"
    },
    "done": true
  },
  "mcwroofs:recipes/granite": {
    "criteria": {
      "has_planks": "2022-09-14 02:04:33 +0900"
    },
    "done": true
  },
  "minecraft:recipes/redstone/birch_door": {
    "criteria": {
      "has_planks": "2022-09-04 02:46:12 +0900"
    },
    "done": true
  },
  "minecraft:recipes/transportation/birch_chest_boat": {
    "criteria": {
      "has_boat": "2022-09-14 02:06:43 +0900"
    },
    "done": true
  },
  "mcwwindows:recipes/windows/crimson_stem_window2": {
    "criteria": {
      "has_planks": "2022-09-14 02:04:33 +0900"
    },
    "done": true
  },
  "mcwwindows:recipes/windows/dark_oak_window": {
    "criteria": {
      "has_planks": "2022-09-14 02:04:33 +0900"
    },
    "done": true
  },
  "minecraft:story/mine_diamond": {
    "criteria": {
      "diamond": "2022-09-16 15:03:26 +0900"
    },
    "done": true
  },
  "minecraft:story/upgrade_tools": {
    "criteria": {
      "stone_pickaxe": "2022-09-16 13:49:40 +0900"
    },
    "done": true
  },
  "minecraft:recipes/building_blocks/polished_granite_stairs_from_granite_stonecutting": {
    "criteria": {
      "has_granite": "2022-09-16 14:43:58 +0900"
    },
    "done": true
  },
  "minecraft:recipes/combat/diamond_helmet": {
    "criteria": {
      "has_diamond": "2022-09-16 15:03:26 +0900"
    },
    "done": true
  },
  "minecraft:recipes/transportation/oak_boat": {
    "criteria": {
      "in_water": "2022-09-04 02:31:17 +0900"
    },
    "done": true
  },
  "mcwroofs:recipes/diorite": {
    "criteria": {
      "has_planks": "2022-09-14 02:04:33 +0900"
    },
    "done": true
  },
  "minecraft:recipes/decorations/birch_fence": {
    "criteria": {
      "has_planks": "2022-09-04 02:46:12 +0900"
    },
    "done": true
  },
  "mcwbridges:recipes/mossy_stone_bridge_pier": {
    "criteria": {
      "has_planks": "2022-09-14 02:04:33 +0900"
    },
    "done": true
  },
  "mcwbridges:recipes/mangrove_rope_bridge_stair": {
    "criteria": {
      "has_planks": "2022-09-14 02:04:33 +0900"
    },
    "done": true
  },
  "minecraft:recipes/building_blocks/cyan_concrete_powder": {
    "criteria": {
      "has_sand": "2022-09-04 02:34:10 +0900"
    },
    "done": true
  },
  "minecraft:recipes/building_blocks/stone_brick_stairs": {
    "criteria": {
      "has_stone_bricks": "2022-09-19 22:50:27 +0900"
    },
    "done": true
  },
  "mcwwindows:recipes/mosaic_block/magenta_mosaic_glass": {
    "criteria": {
      "has_planks": "2022-09-14 02:04:33 +0900"
    },
    "done": true
  },
  "mcwbridges:recipes/deepslate_tile_bridge_pier": {
    "criteria": {
      "has_planks": "2022-09-14 02:04:33 +0900"
    },
    "done": true
  },
  "mcwbridges:recipes/mangrove_log_bridge_stair": {
    "criteria": {
      "has_planks": "2022-09-14 02:04:33 +0900"
    },
    "done": true
  },
  "minecraft:recipes/combat/golden_boots": {
    "criteria": {
      "has_gold_ingot": "2022-09-17 02:33:42 +0900"
    },
    "done": true
  },
  "mcwwindows:recipes/windows/acacia_window2": {
    "criteria": {
      "has_planks": "2022-09-14 02:04:33 +0900"
    },
    "done": true
  },
  "mcwwindows:recipes/mosaic_block/gray_mosaic_glass": {
    "criteria": {
      "has_planks": "2022-09-14 02:04:33 +0900"
    },
    "done": true
  },
  "mcwwindows:recipes/planks/warped_planks_window2": {
    "criteria": {
      "has_planks": "2022-09-14 02:04:33 +0900"
    },
    "done": true
  },
  "minecraft:recipes/tools/wooden_axe": {
    "criteria": {
      "has_stick": "2022-09-04 02:35:43 +0900"
    },
    "done": true
  },
  "minecraft:recipes/decorations/deepslate_tile_wall_from_polished_deepslate_stonecutting": {
    "criteria": {
      "has_polished_deepslate": "2022-09-16 21:41:14 +0900"
    },
    "done": true
  },
  "minecraft:recipes/building_blocks/deepslate_brick_stairs_from_deepslate_bricks_stonecutting": {
    "criteria": {
      "has_deepslate_bricks": "2022-09-24 01:39:16 +0900"
    },
    "done": true
  },
  "mcwwindows:recipes/strip/stripped_jungle_log_window": {
    "criteria": {
      "has_planks": "2022-09-14 02:04:33 +0900"
    },
    "done": true
  },
  "mcwwindows:recipes/planks/oak_plank_window2": {
    "criteria": {
      "has_planks": "2022-09-14 02:04:33 +0900"
    },
    "done": true
  },
  "minecraft:recipes/misc/paper": {
    "criteria": {
      "has_reeds": "2022-09-21 23:30:00 +0900"
    },
    "done": true
  },
  "minecraft:recipes/building_blocks/polished_diorite_stairs_from_diorite_stonecutting": {
    "criteria": {
      "has_diorite": "2022-09-14 02:30:58 +0900"
    },
    "done": true
  },
  "mcwbridges:recipes/mud_brick_bridge": {
    "criteria": {
      "has_planks": "2022-09-14 02:04:33 +0900"
    },
    "done": true
  },
  "minecraft:recipes/decorations/loom": {
    "criteria": {
      "has_string": "2022-09-17 02:05:51 +0900"
    },
    "done": true
  },
  "mcwwindows:recipes/parapet/andesite_parapet": {
    "criteria": {
      "has_planks": "2022-09-14 02:04:32 +0900"
    },
    "done": true
  },
  "mcwbridges:recipes/rope_birch_bridge": {
    "criteria": {
      "has_planks": "2022-09-14 02:04:32 +0900"
    },
    "done": true
  },
  "mcwroofs:recipes/mangrove": {
    "criteria": {
      "has_planks": "2022-09-14 02:04:33 +0900"
    },
    "done": true
  },
  "mcwwindows:recipes/stone/diorite_window2": {
    "criteria": {
      "has_planks": "2022-09-14 02:04:33 +0900"
    },
    "done": true
  },
  "minecraft:recipes/building_blocks/deepslate_brick_stairs_from_polished_deepslate_stonecutting": {
    "criteria": {
      "has_polished_deepslate": "2022-09-16 21:41:14 +0900"
    },
    "done": true
  },
  "mcwwindows:recipes/windows/oak_window2": {
    "criteria": {
      "has_planks": "2022-09-14 02:04:33 +0900"
    },
    "done": true
  },
  "minecraft:recipes/tools/diamond_axe": {
    "criteria": {
      "has_diamond": "2022-09-16 15:03:26 +0900"
    },
    "done": true
  },
  "mcwbridges:recipes/oak_log_bridge_middle": {
    "criteria": {
      "has_planks": "2022-09-14 02:04:33 +0900"
    },
    "done": true
  },
  "minecraft:recipes/decorations/stone_brick_wall_from_stone_bricks_stonecutting": {
    "criteria": {
      "has_stone_bricks": "2022-09-19 22:50:27 +0900"
    },
    "done": true
  },
  "mcwbridges:recipes/crimson_log_bridge_middle": {
    "criteria": {
      "has_planks": "2022-09-14 02:04:33 +0900"
    },
    "done": true
  },
  "mcwbridges:recipes/rope_mangrove_bridge": {
    "criteria": {
      "has_planks": "2022-09-14 02:04:33 +0900"
    },
    "done": true
  },
  "mcwroofs:recipes/gutters": {
    "criteria": {
      "has_planks": "2022-09-14 02:04:33 +0900"
    },
    "done": true
  },
  "minecraft:recipes/building_blocks/chiseled_stone_bricks_from_stone_bricks_stonecutting": {
    "criteria": {
      "has_stone_bricks": "2022-09-19 22:50:27 +0900"
    },
    "done": true
  },
  "mcwbridges:recipes/iron_bridge_pier": {
    "criteria": {
      "has_planks": "2022-09-14 02:04:33 +0900"
    },
    "done": true
  },
  "mcwbridges:recipes/dry_bamboo_bridge_stair": {
    "criteria": {
      "has_planks": "2022-09-14 02:04:33 +0900"
    },
    "done": true
  },
  "mcwwindows:recipes/planks/dark_oak_plank_window2": {
    "criteria": {
      "has_planks": "2022-09-14 02:04:33 +0900"
    },
    "done": true
  },
  "mcwwindows:recipes/windows/dark_oak_window2": {
    "criteria": {
      "has_planks": "2022-09-14 02:04:32 +0900"
    },
    "done": true
  },
  "mcwbridges:recipes/pliers": {
    "criteria": {
      "has_planks": "2022-09-14 02:04:33 +0900"
    },
    "done": true
  },
  "mcwwindows:recipes/planks/crimson_planks_window2": {
    "criteria": {
      "has_planks": "2022-09-14 02:04:33 +0900"
    },
    "done": true
  },
  "mcwroofs:recipes/cobblestone": {
    "criteria": {
      "has_planks": "2022-09-14 02:04:33 +0900"
    },
    "done": true
  },
  "mcwbridges:recipes/mossy_stone_bridge_stair": {
    "criteria": {
      "has_planks": "2022-09-14 02:04:33 +0900"
    },
    "done": true
  },
  "mcwwindows:recipes/strip/stripped_mangrove_log_window2": {
    "criteria": {
      "has_planks": "2022-09-14 02:04:33 +0900"
    },
    "done": true
  },
  "mcwbridges:recipes/mangrove_bridge_pier": {
    "criteria": {
      "has_planks": "2022-09-14 02:04:33 +0900"
    },
    "done": true
  },
  "minecraft:recipes/building_blocks/andesite_slab_from_andesite_stonecutting": {
    "criteria": {
      "has_andesite": "2022-09-16 13:48:01 +0900"
    },
    "done": true
  },
  "minecraft:recipes/combat/arrow": {
    "criteria": {
      "has_flint": "2022-09-16 18:31:10 +0900"
    },
    "done": true
  },
  "minecraft:recipes/building_blocks/coal_block": {
    "criteria": {
      "has_coal": "2022-09-16 13:54:40 +0900"
    },
    "done": true
  },
  "minecraft:recipes/redstone/light_weighted_pressure_plate": {
    "criteria": {
      "has_gold_ingot": "2022-09-17 02:33:42 +0900"
    },
    "done": true
  },
  "minecraft:recipes/misc/gold_nugget_from_blasting": {
    "criteria": {
      "has_golden_horse_armor": "2022-09-17 02:33:36 +0900"
    },
    "done": true
  },
  "mcwwindows:recipes/strip/stripped_oak_log_window": {
    "criteria": {
      "has_planks": "2022-09-14 02:04:33 +0900"
    },
    "done": true
  },
  "mcwwindows:recipes/mosaic_block/green_mosaic_glass": {
    "criteria": {
      "has_planks": "2022-09-14 02:04:33 +0900"
    },
    "done": true
  },
  "mcwbridges:recipes/crimson_rope_bridge_stair": {
    "criteria": {
      "has_planks": "2022-09-14 02:04:33 +0900"
    },
    "done": true
  },
  "minecraft:recipes/tools/stone_shovel": {
    "criteria": {
      "has_cobblestone": "2022-09-14 02:30:35 +0900"
    },
    "done": true
  },
  "minecraft:recipes/building_blocks/blue_concrete_powder": {
    "criteria": {
      "has_sand": "2022-09-04 02:34:10 +0900"
    },
    "done": true
  },
  "minecraft:recipes/building_blocks/mossy_cobblestone_slab": {
    "criteria": {
      "has_mossy_cobblestone": "2022-09-21 23:42:49 +0900"
    },
    "done": true
  },
  "mcwwindows:recipes/strip/stripped_birch_log_window2": {
    "criteria": {
      "has_planks": "2022-09-14 02:04:33 +0900"
    },
    "done": true
  },
  "mcwroofs:recipes/warped": {
    "criteria": {
      "has_planks": "2022-09-14 02:04:33 +0900"
    },
    "done": true
  },
  "mcwwindows:recipes/parapet/crimson_stem_parapet": {
    "criteria": {
      "has_planks": "2022-09-14 02:04:33 +0900"
    },
    "done": true
  },
  "minecraft:recipes/building_blocks/diorite_stairs": {
    "criteria": {
      "has_diorite": "2022-09-14 02:30:58 +0900"
    },
    "done": true
  },
  "minecraft:recipes/building_blocks/granite_slab_from_granite_stonecutting": {
    "criteria": {
      "has_granite": "2022-09-16 14:43:58 +0900"
    },
    "done": true
  },
  "mcwbridges:recipes/bamboo_bridge": {
    "criteria": {
      "has_planks": "2022-09-14 02:04:33 +0900"
    },
    "done": true
  },
  "mcwbridges:recipes/warped_log_bridge_stair": {
    "criteria": {
      "has_planks": "2022-09-14 02:04:33 +0900"
    },
    "done": true
  },
  "minecraft:recipes/building_blocks/polished_deepslate_stairs_from_polished_deepslate_stonecutting": {
    "criteria": {
      "has_polished_deepslate": "2022-09-16 21:41:14 +0900"
    },
    "done": true
  },
  "mcwbridges:recipes/oak_rope_bridge_stair": {
    "criteria": {
      "has_planks": "2022-09-14 02:04:33 +0900"
    },
    "done": true
  },
  "minecraft:recipes/building_blocks/andesite": {
    "criteria": {
      "has_stone": "2022-09-14 02:30:58 +0900"
    },
    "done": true
  },
  "minecraft:recipes/combat/golden_helmet": {
    "criteria": {
      "has_gold_ingot": "2022-09-17 02:33:42 +0900"
    },
    "done": true
  },
  "mcwbridges:recipes/stone_brick_bridge_stair": {
    "criteria": {
      "has_planks": "2022-09-14 02:04:33 +0900"
    },
    "done": true
  },
  "minecraft:recipes/redstone/oak_pressure_plate": {
    "criteria": {
      "has_planks": "2022-09-14 02:06:30 +0900"
    },
    "done": true
  },
  "mcwwindows:recipes/windows/birch_window": {
    "criteria": {
      "has_planks": "2022-09-14 02:04:33 +0900"
    },
    "done": true
  },
  "minecraft:recipes/building_blocks/polished_deepslate_stairs_from_cobbled_deepslate_stonecutting": {
    "criteria": {
      "has_cobbled_deepslate": "2022-09-16 14:25:09 +0900"
    },
    "done": true
  },
  "mcwbridges:recipes/warped_rope_bridge_stair": {
    "criteria": {
      "has_planks": "2022-09-14 02:04:33 +0900"
    },
    "done": true
  },
  "minecraft:recipes/building_blocks/polished_deepslate_stairs": {
    "criteria": {
      "has_polished_deepslate": "2022-09-16 21:41:14 +0900"
    },
    "done": true
  },
  "mcwbridges:recipes/rope_oak_bridge": {
    "criteria": {
      "has_planks": "2022-09-14 02:04:33 +0900"
    },
    "done": true
  },
  "mcwroofs:recipes/crimson": {
    "criteria": {
      "has_planks": "2022-09-14 02:04:33 +0900"
    },
    "done": true
  },
  "minecraft:recipes/building_blocks/oak_wood": {
    "criteria": {
      "has_log": "2022-09-04 02:43:20 +0900"
    },
    "done": true
  },
  "minecraft:story/root": {
    "criteria": {
      "crafting_table": "2022-09-04 02:49:04 +0900"
    },
    "done": true
  },
  "minecraft:recipes/redstone/dropper": {
    "criteria": {
      "has_redstone": "2022-09-16 14:11:51 +0900"
    },
    "done": true
  },
  "mcwroofs:recipes/dark_oak_planks": {
    "criteria": {
      "has_planks": "2022-09-14 02:04:33 +0900"
    },
    "done": true
  },
  "minecraft:recipes/transportation/spruce_chest_boat": {
    "criteria": {
      "has_boat": "2022-09-14 02:06:43 +0900"
    },
    "done": true
  },
  "minecraft:recipes/misc/coal": {
    "criteria": {
      "has_coal_block": "2022-09-16 15:06:45 +0900"
    },
    "done": true
  },
  "mcwwindows:recipes/parapet/oak_log_parapet": {
    "criteria": {
      "has_planks": "2022-09-14 02:04:33 +0900"
    },
    "done": true
  },
  "mcwwindows:recipes/blinds/crimson_blinds": {
    "criteria": {
      "has_planks": "2022-09-14 02:04:33 +0900"
    },
    "done": true
  },
  "minecraft:story/form_obsidian": {
    "criteria": {
      "obsidian": "2022-09-19 22:36:42 +0900"
    },
    "done": true
  },
  "mcwbridges:recipes/birch_log_bridge_stair": {
    "criteria": {
      "has_planks": "2022-09-14 02:04:33 +0900"
    },
    "done": true
  },
  "mcwwindows:recipes/blinds/spruce_blinds": {
    "criteria": {
      "has_planks": "2022-09-14 02:04:33 +0900"
    },
    "done": true
  },
  "mcwwindows:recipes/mosaic_block/white_mosaic_glass": {
    "criteria": {
      "has_planks": "2022-09-14 02:04:33 +0900"
    },
    "done": true
  },
  "minecraft:recipes/tools/compass": {
    "criteria": {
      "has_redstone": "2022-09-16 14:11:51 +0900"
    },
    "done": true
  },
  "minecraft:recipes/redstone/repeater": {
    "criteria": {
      "has_redstone_torch": "2022-09-21 22:51:12 +0900"
    },
    "done": true
  },
  "mcwwindows:recipes/blinds/oak_blinds": {
    "criteria": {
      "has_planks": "2022-09-14 02:04:33 +0900"
    },
    "done": true
  },
  "minecraft:recipes/redstone/oak_button": {
    "criteria": {
      "has_planks": "2022-09-14 02:06:30 +0900"
    },
    "done": true
  },
  "mcwwindows:recipes/gothic/mud_brick_gothic": {
    "criteria": {
      "has_planks": "2022-09-14 02:04:33 +0900"
    },
    "done": true
  },
  "mcwwindows:recipes/windows/crimson_stem_window": {
    "criteria": {
      "has_planks": "2022-09-14 02:04:33 +0900"
    },
    "done": true
  },
  "minecraft:recipes/building_blocks/polished_andesite": {
    "criteria": {
      "has_andesite": "2022-09-16 13:48:01 +0900"
    },
    "done": true
  },
  "mcwwindows:recipes/windows/oak_window": {
    "criteria": {
      "has_planks": "2022-09-14 02:04:33 +0900"
    },
    "done": true
  },
  "minecraft:recipes/redstone/iron_door": {
    "criteria": {
      "has_iron_ingot": "2022-09-16 14:01:01 +0900"
    },
    "done": true
  },
  "mcwdoors:recipes/warped": {
    "criteria": {
      "has_planks": "2022-09-14 02:04:33 +0900"
    },
    "done": true
  },
  "mcwwindows:recipes/parapet/crimson_plank_parapet": {
    "criteria": {
      "has_planks": "2022-09-14 02:04:33 +0900"
    },
    "done": true
  },
  "mcwwindows:recipes/arrow/mud_brick_arrow_slit": {
    "criteria": {
      "has_planks": "2022-09-14 02:04:33 +0900"
    },
    "done": true
  },
  "mcwbridges:recipes/birch_bridge_pier": {
    "criteria": {
      "has_planks": "2022-09-14 02:04:33 +0900"
    },
    "done": true
  },
  "minecraft:recipes/decorations/composter": {
    "criteria": {
      "has_wood_slab": "2022-09-04 02:55:52 +0900"
    },
    "done": true
  },
  "mcwbridges:recipes/oak_rail_bridge": {
    "criteria": {
      "has_planks": "2022-09-14 02:04:33 +0900"
    },
    "done": true
  },
  "mcwwindows:recipes/strip/stripped_oak_log_window2": {
    "criteria": {
      "has_planks": "2022-09-14 02:04:33 +0900"
    },
    "done": true
  },
  "minecraft:recipes/misc/copper_ingot_from_smelting_raw_copper": {
    "criteria": {
      "has_raw_copper": "2022-09-16 13:52:37 +0900"
    },
    "done": true
  },
  "minecraft:recipes/transportation/powered_rail": {
    "criteria": {
      "has_rail": "2022-09-17 02:14:43 +0900"
    },
    "done": true
  },
  "mcwwindows:recipes/windows/jungle_window": {
    "criteria": {
      "has_planks": "2022-09-14 02:04:33 +0900"
    },
    "done": true
  },
  "mcwbridges:recipes/warped_log_bridge_middle": {
    "criteria": {
      "has_planks": "2022-09-14 02:04:33 +0900"
    },
    "done": true
  },
  "minecraft:recipes/redstone/oak_door": {
    "criteria": {
      "has_planks": "2022-09-14 02:06:30 +0900"
    },
    "done": true
  },
  "minecraft:recipes/building_blocks/cracked_deepslate_tiles": {
    "criteria": {
      "has_deepslate_tiles": "2022-09-21 22:39:44 +0900"
    },
    "done": true
  },
  "mcwwindows:recipes/blinds/jungle_blinds": {
    "criteria": {
      "has_planks": "2022-09-14 02:04:33 +0900"
    },
    "done": true
  },
  "minecraft:recipes/transportation/jungle_boat": {
    "criteria": {
      "in_water": "2022-09-04 02:31:17 +0900"
    },
    "done": true
  },
  "mcwbridges:recipes/mud_brick_bridge_pier": {
    "criteria": {
      "has_planks": "2022-09-14 02:04:33 +0900"
    },
    "done": true
  },
  "minecraft:recipes/building_blocks/birch_stairs": {
    "criteria": {
      "has_planks": "2022-09-04 02:46:12 +0900"
    },
    "done": true
  },
  "mcwwindows:recipes/gothic/prismarine_brick_gothic": {
    "criteria": {
      "has_planks": "2022-09-14 02:04:33 +0900"
    },
    "done": true
  },
  "mcwbridges:recipes/stone_brick_bridge": {
    "criteria": {
      "has_planks": "2022-09-14 02:04:33 +0900"
    },
    "done": true
  },
  "mcwroofs:recipes/spruce_planks": {
    "criteria": {
      "has_planks": "2022-09-14 02:04:33 +0900"
    },
    "done": true
  },
  "minecraft:recipes/redstone/heavy_weighted_pressure_plate": {
    "criteria": {
      "has_iron_ingot": "2022-09-16 14:01:01 +0900"
    },
    "done": true
  },
  "minecraft:recipes/transportation/dark_oak_boat": {
    "criteria": {
      "in_water": "2022-09-04 02:31:17 +0900"
    },
    "done": true
  },
  "minecraft:recipes/decorations/andesite_wall_from_andesite_stonecutting": {
    "criteria": {
      "has_andesite": "2022-09-16 13:48:01 +0900"
    },
    "done": true
  },
  "mcwroofs:recipes/andesite": {
    "criteria": {
      "has_planks": "2022-09-14 02:04:33 +0900"
    },
    "done": true
  },
  "mcwbridges:recipes/crimson_log_bridge_stair": {
    "criteria": {
      "has_planks": "2022-09-14 02:04:33 +0900"
    },
    "done": true
  },
  "mcwbridges:recipes/rope_crimson_bridge": {
    "criteria": {
      "has_planks": "2022-09-14 02:04:33 +0900"
    },
    "done": true
  },
  "minecraft:recipes/building_blocks/polished_granite": {
    "criteria": {
      "has_granite": "2022-09-16 14:43:58 +0900"
    },
    "done": true
  },
  "minecraft:recipes/redstone/birch_trapdoor": {
    "criteria": {
      "has_planks": "2022-09-04 02:46:12 +0900"
    },
    "done": true
  },
  "mcwroofs:recipes/bricks": {
    "criteria": {
      "has_planks": "2022-09-14 02:04:33 +0900"
    },
    "done": true
  },
  "minecraft:recipes/redstone/piston": {
    "criteria": {
      "has_redstone": "2022-09-16 14:11:51 +0900"
    },
    "done": true
  },
  "minecraft:recipes/combat/golden_leggings": {
    "criteria": {
      "has_gold_ingot": "2022-09-17 02:33:42 +0900"
    },
    "done": true
  },
  "mcwbridges:recipes/deepslate_brick_bridge_stair": {
    "criteria": {
      "has_planks": "2022-09-14 02:04:33 +0900"
    },
    "done": true
  },
  "mcwbridges:recipes/acacia_bridge_pier": {
    "criteria": {
      "has_planks": "2022-09-14 02:04:33 +0900"
    },
    "done": true
  },
  "minecraft:recipes/building_blocks/deepslate_brick_slab_from_deepslate_bricks_stonecutting": {
    "criteria": {
      "has_deepslate_bricks": "2022-09-24 01:39:16 +0900"
    },
    "done": true
  },
  "mcwdoors:recipes/crimson": {
    "criteria": {
      "has_planks": "2022-09-14 02:04:33 +0900"
    },
    "done": true
  },
  "mcwroofs:recipes/awning": {
    "criteria": {
      "has_planks": "2022-09-14 02:04:33 +0900"
    },
    "done": true
  },
  "minecraft:recipes/combat/diamond_boots": {
    "criteria": {
      "has_diamond": "2022-09-16 15:03:26 +0900"
    },
    "done": true
  },
  "mcwbridges:recipes/crimson_bridge_pier": {
    "criteria": {
      "has_planks": "2022-09-14 02:04:33 +0900"
    },
    "done": true
  },
  "mcwwindows:recipes/strip/stripped_acacia_log_window": {
    "criteria": {
      "has_planks": "2022-09-14 02:04:33 +0900"
    },
    "done": true
  },
  "minecraft:recipes/decorations/soul_campfire": {
    "criteria": {
      "has_stick": "2022-09-04 02:35:43 +0900"
    },
    "done": true
  },
  "mcwdoors:recipes/mangrove": {
    "criteria": {
      "has_planks": "2022-09-14 02:04:33 +0900"
    },
    "done": true
  },
  "minecraft:story/smelt_iron": {
    "criteria": {
      "iron": "2022-09-16 14:01:01 +0900"
    },
    "done": true
  },
  "minecraft:recipes/building_blocks/mossy_cobblestone_stairs": {
    "criteria": {
      "has_mossy_cobblestone": "2022-09-21 23:42:49 +0900"
    },
    "done": true
  },
  "mcwbridges:recipes/jungle_bridge_pier": {
    "criteria": {
      "has_planks": "2022-09-14 02:04:33 +0900"
    },
    "done": true
  },
  "mcwbridges:recipes/rope_warped_bridge": {
    "criteria": {
      "has_planks": "2022-09-14 02:04:33 +0900"
    },
    "done": true
  },
  "minecraft:recipes/building_blocks/deepslate_brick_stairs": {
    "criteria": {
      "has_deepslate_bricks": "2022-09-24 01:39:16 +0900"
    },
    "done": true
  },
  "mcwwindows:recipes/parapet/diorite_parapet": {
    "criteria": {
      "has_planks": "2022-09-14 02:04:33 +0900"
    },
    "done": true
  },
  "mcwwindows:recipes/mosaic_block/red_mosaic_glass": {
    "criteria": {
      "has_planks": "2022-09-14 02:04:32 +0900"
    },
    "done": true
  },
  "mcwwindows:recipes/gothic/end_brick_gothic": {
    "criteria": {
      "has_planks": "2022-09-14 02:04:33 +0900"
    },
    "done": true
  },
  "DataVersion": 3120
}